Date,Open,High,Low,Close,Adj Close,Volume,3755.73999
1/1/2000,3755.73999,3836.860107,3314.75,3529.600098,3529.600098,7990830000,3558.209961
1/8/2000,3558.209961,3756.169922,3447.899902,3704.73999,3704.73999,8045670000,3704.73999
1/15/2000,3704.73999,3891.810059,3665.870117,3849.959961,3849.959961,7012420000,3888.330078
1/22/2000,3888.330078,3905.100098,3408.030029,3446.129883,3446.129883,8864510000,3438.090088
1/29/2000,3438.090088,3929.810059,3349.060059,3874.370117,3874.370117,7907530000,3873.429932
2/5/2000,3873.429932,4090.26001,3858.889893,3968.889893,3968.889893,8924490000,3969.949951
2/12/2000,3969.949951,4135.600098,3848.370117,3965.75,3965.75,8998760000,3970.530029
2/19/2000,3970.530029,4297.459961,3856.02002,4178.580078,4178.580078,7434640000,4178.580078
2/26/2000,4178.580078,4442.870117,4024.080078,4442.870117,4442.870117,10392860000,4448.47998
3/4/2000,4448.47998,4659.720215,4266.870117,4587.160156,4587.160156,10191100000,4585.160156
3/11/2000,4585.160156,4585.160156,4049.97998,4440.450195,4440.450195,9384930000,4443.350098
3/18/2000,4443.350098,4816.350098,4155.339844,4691.609863,4691.609863,8465810000,4687.600098
3/25/2000,4687.600098,4781.189941,4151.120117,4397.839844,4397.839844,8652700000,4355.700195
4/1/2000,4355.700195,4355.700195,3525.439941,4291.529785,4291.529785,9886600000,4293.629883
4/8/2000,4293.629883,4308.620117,3138.419922,3207.959961,3207.959961,9553900000,3194.5
4/15/2000,3194.5,3753.449951,3107.419922,3505.290039,3505.290039,7818550000,3448.22998
4/22/2000,3448.22998,3790.780029,3200.899902,3773.179932,3773.179932,7888920000,3789.199951
4/29/2000,3789.199951,3871.929932,3435.300049,3688.360107,3688.360107,6903840000,3688.360107
5/6/2000,3688.360107,3688.360107,3234.959961,3406.25,3406.25,6767870000,3404.560059
5/13/2000,3404.560059,3653.76001,3259.179932,3260.639893,3260.639893,6504000000,3261.469971
5/20/2000,3261.469971,3298.459961,2897.27002,3101.439941,3101.439941,7665180000,3101.429932
5/27/2000,3101.429932,3759.810059,3101.429932,3755.669922,3755.669922,6474540000,3742.280029
6/3/2000,3742.280029,3817.25,3599.530029,3760.26001,3760.26001,7158210000,3761.149902
6/10/2000,3761.149902,3817.850098,3582.52002,3787.360107,3787.360107,7007910000,3787.360107
6/17/2000,3787.360107,3990.209961,3669.399902,3685.300049,3685.300049,7632320000,3685.300049
6/24/2000,3685.300049,3840.540039,3634.030029,3763.790039,3763.790039,8070490000,3763.790039
7/1/2000,3763.790039,3884.840088,3610.27002,3841.27002,3841.27002,4912370000,3841.51001
7/8/2000,3841.51001,4051.899902,3720.02002,4041.149902,4041.149902,8446600000,4041.149902
7/15/2000,4041.149902,4089.040039,3835.120117,3908.75,3908.75,7797600000,3908.75
7/22/2000,3908.75,3966.830078,3452.949951,3477.310059,3477.310059,8246960000,3477.530029
7/29/2000,3477.530029,3715.570068,3341.830078,3618.629883,3618.629883,7598570000,3618.629883
8/5/2000,3618.629883,3780.429932,3521.530029,3644.610107,3644.610107,6981850000,3644.629883
8/12/2000,3644.629883,3868.73999,3616.709961,3807.51001,3807.51001,6875350000,3809.860107
8/19/2000,3809.860107,3986.72998,3760.120117,3931.25,3931.25,6977080000,3933.330078
8/26/2000,3933.330078,4147.189941,3921.48999,4099.299805,4099.299805,7775590000,4085.889893
9/2/2000,4085.889893,4085.889893,3811.600098,3813.439941,3813.439941,6568470000,3813.439941
9/9/2000,3813.439941,3852.449951,3610.649902,3676.330078,3676.330078,8213880000,3676.330078
9/16/2000,3676.330078,3810.300049,3505.179932,3701.179932,3701.179932,8903760000,3753.310059
9/23/2000,3753.310059,3774.780029,3533.669922,3570.610107,3570.610107,9568280000,3613.73999
9/30/2000,3613.73999,3613.860107,3262.800049,3311.939941,3311.939941,9631040000,3306.75
10/7/2000,3306.75,3359.929932,2990.98999,3277.77002,3277.77002,9852060000,3265.959961
10/14/2000,3265.959961,3514.959961,2982.040039,3456.610107,3456.610107,10760270000,3451.399902
10/21/2000,3451.399902,3498.040039,2956.199951,3175.25,3175.25,9997780000,3128.939941
10/28/2000,3128.939941,3359.98999,3038.409912,3321.909912,3321.909912,9985360000,3346.149902
11/4/2000,3346.149902,3369.469971,2890.02002,2890.26001,2890.26001,8709340000,2798.949951
11/11/2000,2798.949951,3128.370117,2742.469971,2934.810059,2934.810059,8824140000,2838.290039
11/18/2000,2838.290039,2885.310059,2667.110107,2830.090088,2830.090088,6132400000,2910.570068
11/25/2000,2910.570068,2913.76001,2426.409912,2549.73999,2549.73999,10640500000,2572.879883
12/2/2000,2572.879883,2914.969971,2475.629883,2895.389893,2895.389893,10728890000,2900.280029
12/9/2000,2900.280029,2990.830078,2511.350098,2543.090088,2543.090088,10950370000,2604.080078
12/16/2000,2604.080078,2639,2174.76001,2436.26001,2436.26001,12160720000,2435.51001
12/23/2000,2435.51001,2505.649902,2328.860107,2341.699951,2341.699951,8285240000,2341.280029
12/30/2000,2341.280029,2547.040039,2087.320068,2267.850098,2267.850098,9822280000,2245.439941
1/6/2001,2245.439941,2591.550049,2151.159912,2506.050049,2506.050049,11657560000,2502.659912
1/13/2001,2502.659912,2740.76001,2432.870117,2655.77002,2655.77002,10149030000,2639.610107
1/20/2001,2639.610107,2771.629883,2526.550049,2631.780029,2631.780029,11449880000,2601.669922
1/27/2001,2601.669922,2718.51001,2471.51001,2472.179932,2472.179932,9804190000,2447.719971
2/3/2001,2447.719971,2531.050049,2247.52002,2261.77002,2261.77002,9228870000,2247.199951
2/10/2001,2247.199951,2423.649902,2173.419922,2212.51001,2212.51001,9466250000,2229.909912
2/17/2001,2229.909912,2235.73999,1935.209961,2056.060059,2056.060059,8619460000,2088.030029
2/24/2001,2088.030029,2103.629883,1837.97998,1881.339966,1881.339966,10261280000,1908.619995
3/3/2001,1908.619995,2029.01001,1802.910034,1813.02002,1813.02002,8977800000,1758.060059
3/10/2001,1758.060059,1813.680054,1627.800049,1647.51001,1647.51001,10459500000,1659.699951
3/17/2001,1659.699951,1754.650024,1582.47998,1705.02002,1705.02002,10689590000,1735.530029
3/24/2001,1735.530029,1751.140015,1530.140015,1573.25,1573.25,9961390000,1569.660034
3/31/2001,1569.660034,1594.359985,1348.52002,1448.160034,1448.160034,11055950000,1472.810059
4/7/2001,1472.810059,1714.689941,1437.849976,1714.290039,1714.290039,7927100000,1682.170044
4/14/2001,1682.170044,1981.900024,1603.98999,1933.569946,1933.569946,12001430000,1881.52002
4/21/2001,1881.52002,1881.540039,1743.449951,1810.469971,1810.469971,9638300000,1855.900024
4/28/2001,1855.900024,1980.130005,1810.859985,1924.119995,1924.119995,10601830000,1924.680054
5/5/2001,1924.680054,1948.02002,1810.890015,1821.199951,1821.199951,8608020000,1819.390015
5/12/2001,1819.390015,1955.77002,1768.619995,1927.689941,1927.689941,9074670000,1931.290039
5/19/2001,1931.290039,2073.97998,1927.040039,1960.73999,1960.73999,9763050000,1946.569946
5/26/2001,1946.569946,1946.569946,1768.97998,1840.829956,1840.829956,7000660000,1861.119995
6/2/2001,1861.119995,1963.829956,1819.079956,1896.219971,1896.219971,8035640000,1885.170044
6/9/2001,1885.170044,1885.170044,1657.650024,1701.530029,1701.530029,8552080000,1712.040039
6/16/2001,1712.040039,1774.25,1655.26001,1727.469971,1727.469971,9554260000,1752.709961
6/23/2001,1752.709961,1865.359985,1705.930054,1830.189941,1830.189941,8880100000,1831.420044
6/30/2001,1831.420044,1864.199951,1666.619995,1668.589966,1668.589966,5113950000,1680.880005
7/7/2001,1680.880005,1782.52002,1600.189941,1751.109985,1751.109985,8284340000,1743.089966
7/14/2001,1743.089966,1758.930054,1652,1676.459961,1676.459961,8471500000,1695.199951
7/21/2001,1695.199951,1699.439941,1580.569946,1683.180054,1683.180054,7982720000,1689.209961
7/28/2001,1689.209961,1766.579956,1662.670044,1725.900024,1725.900024,7665290000,1705.880005
8/4/2001,1705.880005,1718.589966,1576.069946,1617.449951,1617.449951,6916100000,1627.339966
8/11/2001,1627.339966,1672.069946,1514,1516.579956,1516.579956,6758130000,1518.189941
8/18/2001,1518.189941,1579.680054,1467.579956,1579.619995,1579.619995,6994230000,1576.160034
8/25/2001,1576.160034,1601.969971,1438.910034,1469.699951,1469.699951,7063620000,1466.319946
9/1/2001,1466.319946,1502.670044,1339.890015,1354.27002,1354.27002,7087720000,1342.079956
9/8/2001,1342.079956,1375.599976,1339.410034,1365.390015,1365.390015,1612970000,1277.119995
9/15/2001,1277.119995,1310.22998,1088.959961,1126.949951,1126.949951,11976440000,1166.719971
9/22/2001,1166.719971,1255.939941,1101.390015,1168.369995,1168.369995,10152320000,1161.73999
9/29/2001,1161.73999,1313.640015,1131.319946,1271.72998,1271.72998,10398130000,1249.319946
10/6/2001,1249.319946,1396.290039,1235.420044,1393.839966,1393.839966,9521370000,1370.199951
10/13/2001,1370.199951,1440.630005,1302.530029,1347.589966,1347.589966,9106910000,1340.959961
10/20/2001,1340.959961,1487.400024,1333.619995,1454.900024,1454.900024,9524140000,1445.640015
10/27/2001,1445.640015,1450.680054,1320.47998,1425.780029,1425.780029,8764110000,1453.939941
11/3/2001,1453.939941,1580.589966,1453.75,1514.959961,1514.959961,9570650000,1511.77002
11/10/2001,1511.77002,1614.77002,1463.119995,1582.140015,1582.140015,9698750000,1597.800049
11/17/2001,1597.800049,1618.189941,1526.079956,1577.469971,1577.469971,6060890000,1590.050049
11/24/2001,1590.050049,1644.380005,1557.030029,1596.050049,1596.050049,9565670000,1576.26001
12/1/2001,1576.26001,1734.579956,1562.72998,1673.900024,1673.900024,10312080000,1658.469971
12/8/2001,1658.469971,1695.150024,1590.709961,1605.670044,1605.670044,9535810000,1607.079956
12/15/2001,1607.079956,1665.390015,1557.180054,1578.27002,1578.27002,10015570000,1581.160034
12/22/2001,1581.160034,1637.569946,1575.01001,1621.130005,1621.130005,4261080000,1617.349976
12/29/2001,1617.349976,1698.459961,1565.079956,1675.030029,1675.030029,7347750000,1691.359985
1/5/2002,1691.359985,1710.22998,1627.420044,1634.170044,1634.170044,9703400000,1624.910034
1/12/2002,1624.910034,1633.119995,1537.98999,1548.219971,1548.219971,8980190000,1567.589966
1/19/2002,1567.589966,1586.339966,1500.890015,1558.26001,1558.26001,7251520000,1573.390015
1/26/2002,1573.390015,1582.650024,1481.459961,1528.150024,1528.150024,8937960000,1526.319946
2/2/2002,1526.319946,1528.300049,1405.790039,1452.170044,1452.170044,9784390000,1451.130005
2/9/2002,1451.130005,1508.25,1432.959961,1436.699951,1436.699951,8091380000,1421.069946
2/16/2002,1421.069946,1424.040039,1329.930054,1356.160034,1356.160034,7340470000,1366.439941
2/23/2002,1366.439941,1435.810059,1356.040039,1435.410034,1435.410034,8998970000,1434.689941
3/2/2002,1434.689941,1562.969971,1422.219971,1555.109985,1555.109985,10236970000,1542.089966
3/9/2002,1542.089966,1573.420044,1470.48999,1495.410034,1495.410034,8369270000,1511.829956
3/16/2002,1511.829956,1523.27002,1443.170044,1470.099976,1470.099976,7730000000,1473.619995
3/23/2002,1473.619995,1481.969971,1423.030029,1452.810059,1452.810059,6380610000,1440.380005
3/30/2002,1440.380005,1481.73999,1375.630005,1376.719971,1376.719971,8199990000,1346.77002
4/6/2002,1346.77002,1405.099976,1322.25,1351.849976,1351.849976,8467000000,1358.76001
4/13/2002,1358.76001,1426.01001,1336.420044,1385.01001,1385.01001,8597560000,1365.339966
4/20/2002,1365.339966,1365.339966,1250.819946,1250.890015,1250.890015,9449800000,1256.579956
4/27/2002,1256.579956,1292.189941,1185.790039,1190.73999,1190.73999,10174560000,1191.530029
5/4/2002,1191.530029,1282.439941,1142.25,1188.780029,1188.780029,9946040000,1200.689941
5/11/2002,1200.689941,1350.540039,1192.900024,1325.800049,1325.800049,9811570000,1309.829956
5/18/2002,1309.829956,1313.26001,1233.780029,1253.030029,1253.030029,7798370000,1264.130005
5/25/2002,1264.130005,1264.859985,1202.23999,1208.339966,1208.339966,6006430000,1205.199951
6/1/2002,1205.199951,1213.180054,1106.609985,1140.23999,1140.23999,8879440000,1142.51001
6/8/2002,1142.51001,1155.76001,1055.569946,1109.599976,1109.599976,8667260000,1126.540039
6/15/2002,1126.540039,1163.459961,1031.949951,1035.630005,1035.630005,8580670000,1023.059998
6/22/2002,1023.059998,1075.630005,979.869995,1051.410034,1051.410034,10510860000,1044.47998
6/29/2002,1044.47998,1061.050049,950.330017,1060.890015,1060.890015,8825220000,1051.27002
7/6/2002,1051.27002,1066.280029,945.849976,1000.820007,1000.820007,9566360000,990.97998
7/13/2002,990.97998,1060.77002,955.289978,965.369995,965.369995,11074510000,958.340027
7/20/2002,958.340027,980.640015,869.169983,910.909973,910.909973,10465840000,935.049988
7/27/2002,935.049988,992.340027,878.47998,892.51001,892.51001,8274390000,889.48999
8/3/2002,889.48999,953.380005,856.349976,937.330017,937.330017,7251460000,925.679993
8/10/2002,925.679993,1004.219971,904.469971,996.059998,996.059998,7286200000,997.390015
8/17/2002,997.390015,1052.48999,993.460022,1010.48999,1010.48999,7414220000,1017.619995
8/24/2002,1017.619995,1021.659973,926.609985,942.380005,942.380005,6570230000,928.5
8/31/2002,928.5,932.960022,882.849976,922.219971,922.219971,5728440000,913.679993
9/7/2002,913.679993,978.460022,901.130005,923.830017,923.830017,6222990000,919.099976
9/14/2002,919.099976,932.909973,864.130005,871.599976,871.599976,7485740000,860.98999
9/21/2002,860.98999,897.450012,830.210022,860.349976,860.349976,7909610000,848.719971
9/28/2002,848.719971,882.77002,809.940002,815.400024,815.400024,8388810000,813.059998
10/5/2002,813.059998,899.460022,795.25,890.609985,890.609985,8755900000,878.75
10/12/2002,878.75,957.159973,876.210022,956.130005,956.130005,8287810000,945.859985
10/19/2002,945.859985,998.539978,937.549988,995.549988,995.549988,8308730000,1007.719971
10/26/2002,1007.719971,1020.590027,941.169983,1019.059998,1019.059998,8514680000,1049.48999
11/2/2002,1049.48999,1070.51001,1004.039978,1008.349976,1008.349976,9628960000,1004.409973
11/9/2002,1004.409973,1062.859985,972.340027,1061.280029,1061.280029,8185550000,1073.890015
11/16/2002,1073.890015,1122.51001,1019.070007,1116.01001,1116.01001,9559890000,1118.01001
11/23/2002,1118.01001,1134.599976,1083.859985,1116.099976,1116.099976,6456380000,1144.209961
11/30/2002,1144.209961,1155.680054,1035.550049,1065.969971,1065.969971,8455270000,1054.869995
12/7/2002,1054.869995,1055.359985,1005.849976,1005.849976,1005.849976,7170580000,1011.890015
12/14/2002,1011.890015,1052.589966,999.799988,1013.900024,1013.900024,7919220000,1012.460022
12/21/2002,1012.460022,1041.48999,996.099976,997.849976,997.849976,3334210000,999.390015
12/28/2002,999.390015,1033.369995,977.590027,1031.630005,1031.630005,4680480000,1034.02002
1/4/2003,1034.02002,1096.449951,1034.02002,1087.359985,1087.359985,8118770000,1101.23999
1/11/2003,1101.23999,1104.319946,1017.530029,1017.580017,1017.580017,7018850000,1022.940002
1/18/2003,1022.940002,1039.160034,992.849976,996.179993,996.179993,5967790000,985.080017
1/25/2003,985.080017,1022.97998,968.340027,983.049988,983.049988,7355490000,987.369995
2/1/2003,987.369995,999.159973,951.669983,957.049988,957.049988,6440000000,961.690002
2/8/2003,961.690002,989.320007,938.52002,982.090027,982.090027,6369550000,990.210022
2/15/2003,990.210022,1019.25,986.72998,1015.919983,1015.919983,5146480000,1009.140015
2/22/2003,1009.140015,1013.340027,969.559998,1009.73999,1009.73999,6418010000,1015.869995
3/1/2003,1015.869995,1023.469971,964.25,986.820007,986.820007,6534260000,977.950012
3/8/2003,977.950012,1042.560059,946.789978,1030.449951,1030.449951,7305440000,1021.969971
3/15/2003,1021.969971,1099.609985,1018.76001,1093.119995,1093.119995,8721690000,1064.650024
3/22/2003,1064.650024,1075.430054,1044.380005,1046.719971,1046.719971,6979320000,1028.430054
3/29/2003,1028.430054,1078.76001,1014.960022,1050.699951,1050.699951,7430390000,1089.930054
4/5/2003,1089.930054,1091.73999,1018.169983,1026.150024,1026.150024,6613830000,1028
4/12/2003,1028,1084.810059,1025.800049,1083.560059,1083.560059,5665140000,1083.75
4/19/2003,1083.75,1115.670044,1070.859985,1083.189941,1083.189941,7880770000,1086.579956
4/26/2003,1086.579956,1137.449951,1084.77002,1136.349976,1136.349976,8067560000,1139.599976
5/3/2003,1139.599976,1161,1116.670044,1143.550049,1143.550049,9163660000,1141.079956
5/10/2003,1141.079956,1165.530029,1133.890015,1154.47998,1154.47998,9235540000,1146.73999
5/17/2003,1146.73999,1152.589966,1103.199951,1130.050049,1130.050049,8205560000,1123.660034
5/24/2003,1123.660034,1201.25,1123.25,1197.890015,1197.890015,8518570000,1210.77002
5/31/2003,1210.77002,1265.689941,1180.01001,1213.109985,1213.109985,12512810000,1206.949951
6/7/2003,1206.949951,1235.880005,1188.040039,1203.910034,1203.910034,9184390000,1211.579956
6/14/2003,1211.579956,1255.390015,1206.130005,1223.400024,1223.400024,9688100000,1220.189941
6/21/2003,1220.189941,1229.109985,1186.530029,1205.23999,1205.23999,7992870000,1212.51001
6/28/2003,1212.51001,1250.619995,1180.109985,1231.339966,1231.339966,6316200000,1250.030029
7/5/2003,1250.030029,1307.030029,1250.030029,1280.569946,1280.569946,9219170000,1301.189941
7/12/2003,1301.189941,1316.420044,1244.109985,1259.910034,1259.910034,9324940000,1256.119995
7/19/2003,1256.119995,1287.449951,1232.160034,1278.310059,1278.310059,8533230000,1281.5
7/26/2003,1281.5,1298.810059,1257.130005,1264.339966,1264.339966,8095890000,1263.619995
8/2/2003,1263.619995,1277.069946,1204.290039,1207.280029,1207.280029,8153430000,1209.349976
8/9/2003,1209.349976,1257.459961,1208.329956,1253.630005,1253.630005,5998340000,1258.180054
8/16/2003,1258.180054,1342.640015,1256.900024,1304.540039,1304.540039,8135130000,1302.5
8/23/2003,1302.5,1344.73999,1280.589966,1341.199951,1341.199951,6523120000,1347.640015
8/30/2003,1347.640015,1380.23999,1333.290039,1361.900024,1361.900024,7945520000,1366.550049
9/6/2003,1366.550049,1387.449951,1327.920044,1357.630005,1357.630005,9716520000,1359.969971
9/13/2003,1359.969971,1406.609985,1345.939941,1392.26001,1392.26001,9052530000,1371.180054
9/20/2003,1371.180054,1388.670044,1309.199951,1309.310059,1309.310059,9671440000,1318.329956
9/27/2003,1318.329956,1385.790039,1302.26001,1375.319946,1375.319946,8971580000,1378.199951
10/4/2003,1378.199951,1418.089966,1368.130005,1404.869995,1404.869995,8566410000,1412.369995
10/11/2003,1412.369995,1439.969971,1392.079956,1394.02002,1394.02002,8786230000,1395.410034
10/18/2003,1395.410034,1424.800049,1346.01001,1370.609985,1370.609985,8878720000,1378.949951
10/25/2003,1378.949951,1443.180054,1369.380005,1416.390015,1416.390015,9555100000,1423.130005
11/1/2003,1423.130005,1453.459961,1414.369995,1436.72998,1436.72998,10288720000,1435.869995
11/8/2003,1435.869995,1448.060059,1401.449951,1407.51001,1407.51001,8926740000,1399.380005
11/15/2003,1399.380005,1405.939941,1357.25,1373.319946,1373.319946,8978510000,1385.199951
11/22/2003,1385.199951,1426.76001,1385.199951,1424.25,1424.25,5855960000,1434.099976
11/29/2003,1434.099976,1452.030029,1405.550049,1406.910034,1406.910034,9664520000,1406.02002
12/6/2003,1406.02002,1425.01001,1372.869995,1417.27002,1417.27002,8608220000,1442.050049
12/13/2003,1442.050049,1442.650024,1384.52002,1426.170044,1426.170044,8686920000,1422.790039
12/20/2003,1422.790039,1451.209961,1419.819946,1443.859985,1443.859985,3778030000,1447.619995
12/27/2003,1447.619995,1479.589966,1447.619995,1463.569946,1463.569946,6399970000,1474.550049
1/3/2004,1474.550049,1541.839966,1474.189941,1520.459961,1520.459961,12097120000,1524.540039
1/10/2004,1524.540039,1553.640015,1513.209961,1553.619995,1553.619995,11619660000,1558.890015
1/17/2004,1558.890015,1559.469971,1519.73999,1531.209961,1531.209961,9603330000,1526.569946
1/24/2004,1526.569946,1553.660034,1474.130005,1493.079956,1493.079956,10985800000,1497.780029
1/31/2004,1497.780029,1507.589966,1461.01001,1498.949951,1498.949951,9839640000,1502.319946
2/7/2004,1502.319946,1516.209961,1478.540039,1484.469971,1484.469971,8838650000,1498.699951
2/14/2004,1498.699951,1524.089966,1470.920044,1482.099976,1482.099976,7379170000,1488.280029
2/21/2004,1488.280029,1489.400024,1452.48999,1470.380005,1470.380005,9354510000,1476.040039
2/28/2004,1476.040039,1494.670044,1456.869995,1472.98999,1472.98999,9229020000,1476.849976
3/6/2004,1476.849976,1481.189941,1402.199951,1431.400024,1431.400024,10208030000,1423.150024
3/13/2004,1423.150024,1432.22998,1394.109985,1398.579956,1398.579956,8689140000,1386.76001
3/20/2004,1386.76001,1431.22998,1368.079956,1415.390015,1415.390015,9205300000,1429.540039
3/27/2004,1429.540039,1490.300049,1429.089966,1490.300049,1490.300049,9183180000,1488.449951
4/3/2004,1488.449951,1508.369995,1475.619995,1485.51001,1485.51001,7016500000,1489.589966
4/10/2004,1489.589966,1502.52002,1440.560059,1449.060059,1449.060059,9113230000,1448.890015
4/17/2004,1448.890015,1497.170044,1434.160034,1497.01001,1497.01001,9723710000,1496.670044
4/24/2004,1496.670044,1499.449951,1401.359985,1401.359985,1401.359985,10282510000,1409.060059
5/1/2004,1409.060059,1438.48999,1403.359985,1406.189941,1406.189941,8764540000,1395.209961
5/8/2004,1395.209961,1425.689941,1378.640015,1399.849976,1399.849976,8513610000,1379.98999
5/15/2004,1379.98999,1427.51001,1372.459961,1408.170044,1408.170044,7716470000,1418.77002
5/22/2004,1418.77002,1469.22998,1406.199951,1466.219971,1466.219971,7658160000,1457.709961
5/29/2004,1457.709961,1474.099976,1445.209961,1455.040039,1455.040039,5923420000,1465.560059
6/5/2004,1465.560059,1496,1464.01001,1481.27002,1481.27002,5815930000,1470.619995
6/12/2004,1470.619995,1487.829956,1451.780029,1464.650024,1464.650024,7430730000,1467.97998
6/19/2004,1467.97998,1503.910034,1448.819946,1498.380005,1498.380005,8485240000,1507.319946
6/26/2004,1507.319946,1523.47998,1473.72998,1481.189941,1481.189941,7886310000,1470.469971
7/3/2004,1470.469971,1471.209961,1430.810059,1440,1440,6867760000,1429.910034
7/10/2004,1429.910034,1439.780029,1392.170044,1392.170044,1392.170044,8234800000,1398.920044
7/17/2004,1398.920044,1433.27002,1370.699951,1375.47998,1375.47998,9175090000,1376.800049
7/24/2004,1376.800049,1412,1359.199951,1400.390015,1400.390015,8494510000,1390.209961
7/31/2004,1390.209961,1408.310059,1314.969971,1315.300049,1315.300049,7954760000,1320.829956
8/7/2004,1320.829956,1346.709961,1301.930054,1307.819946,1307.819946,7506620000,1309.5
8/14/2004,1309.5,1373.01001,1309.5,1366.72998,1366.72998,7014440000,1370.51001
8/21/2004,1370.51001,1393.22998,1360.819946,1388.560059,1388.560059,6041290000,1383.119995
8/28/2004,1383.119995,1402.069946,1354.099976,1371.819946,1371.819946,6186280000,1382.47998
9/4/2004,1382.47998,1414.550049,1372.530029,1413,1413,6033680000,1417.839966
9/11/2004,1417.839966,1435.949951,1412.540039,1426.300049,1426.300049,7791710000,1417.390015
9/18/2004,1417.390015,1440.810059,1397.5,1399.050049,1399.050049,7442290000,1389.939941
9/25/2004,1389.939941,1452.939941,1376.98999,1452.939941,1452.939941,7967970000,1463.219971
10/2/2004,1463.219971,1474.699951,1428.109985,1430.959961,1430.959961,8891350000,1435.540039
10/9/2004,1435.540039,1453.719971,1416.290039,1430.97998,1430.97998,7696900000,1428.079956
10/16/2004,1428.079956,1478.459961,1424.819946,1438.25,1438.25,8612760000,1435.680054
10/23/2004,1435.680054,1496.97998,1423.97998,1486.719971,1486.719971,8954070000,1486.25
10/30/2004,1486.25,1534.839966,1479.859985,1525.23999,1525.23999,9057760000,1525.130005
11/6/2004,1525.130005,1558.410034,1514.319946,1558.410034,1558.410034,8924000000,1554.310059
11/13/2004,1554.310059,1581.790039,1541.839966,1552.109985,1552.109985,9961850000,1551.160034
11/20/2004,1551.160034,1587.079956,1543.969971,1578.26001,1578.26001,6261510000,1586.459961
11/27/2004,1586.459961,1631.900024,1567.27002,1614.400024,1614.400024,10817270000,1612.329956
12/4/2004,1612.329956,1628.25,1577.77002,1605.160034,1605.160034,11291620000,1617.530029
12/11/2004,1617.530029,1635.699951,1596.47998,1596.609985,1596.609985,11456540000,1603.839966
12/18/2004,1603.839966,1619.560059,1587.209961,1613.77002,1613.77002,7197850000,1621.329956
12/25/2004,1621.329956,1629.900024,1600.25,1621.119995,1621.119995,7339730000,1628.75
1/1/2005,1628.75,1635.449951,1551.290039,1564.810059,1564.810059,11625100000,1561.22998
1/8/2005,1561.22998,1577.709961,1543.040039,1561.109985,1561.109985,10762650000,1554.189941
1/15/2005,1554.189941,1574.390015,1502.47998,1503.640015,1503.640015,8476670000,1507.790039
1/22/2005,1507.790039,1513.439941,1480.660034,1499.459961,1499.459961,10447750000,1515.160034
1/29/2005,1515.160034,1534.969971,1501.959961,1534.48999,1534.48999,9591590000,1534.47998
2/5/2005,1534.47998,1542.410034,1497.349976,1530.51001,1530.51001,9849960000,1531.189941
2/12/2005,1531.189941,1561.170044,1512.72998,1515.400024,1515.400024,9140920000,1502.939941
2/19/2005,1502.939941,1528,1489.98999,1526.900024,1526.900024,7737750000,1517.060059
2/26/2005,1517.060059,1541.140015,1498.170044,1520.579956,1520.579956,9800860000,1524.040039
3/5/2005,1524.040039,1552.530029,1501.98999,1505.640015,1505.640015,9159290000,1509.189941
3/12/2005,1509.189941,1520.430054,1475.26001,1484.400024,1484.400024,9368300000,1483.160034
3/19/2005,1483.160034,1490.569946,1463.430054,1469.939941,1469.939941,6856030000,1476.400024
3/26/2005,1476.400024,1495.579956,1458.26001,1469.349976,1469.349976,8595730000,1469.420044
4/2/2005,1469.420044,1503.209961,1461.27002,1485.599976,1485.599976,8213830000,1490.430054
4/9/2005,1490.430054,1492.319946,1407.819946,1408.589966,1408.589966,9264490000,1406.300049
4/16/2005,1406.300049,1448.369995,1404.859985,1421.209961,1421.209961,9392360000,1430.98999
4/23/2005,1430.98999,1446.819946,1394.359985,1420.790039,1420.790039,8777560000,1421.900024
4/30/2005,1421.900024,1460.76001,1415.599976,1456,1456,8524710000,1455.680054
5/7/2005,1455.680054,1478.890015,1432.829956,1470.630005,1470.630005,8415100000,1470.310059
5/14/2005,1470.310059,1528.060059,1465.849976,1528.060059,1528.060059,8061980000,1526.969971
5/21/2005,1526.969971,1551.119995,1524.410034,1549.800049,1549.800049,7642880000,1549.47998
5/28/2005,1549.47998,1568.959961,1538.540039,1544.47998,1544.47998,6742970000,1544.959961
6/4/2005,1544.959961,1559.530029,1515.959961,1521.02002,1521.02002,8042270000,1519.609985
6/11/2005,1519.609985,1550.630005,1510.819946,1538.130005,1538.130005,8296950000,1529.650024
6/18/2005,1529.650024,1549,1500.180054,1500.180054,1500.180054,8794510000,1497.290039
6/25/2005,1497.290039,1512.77002,1489.73999,1490.530029,1490.530029,7580560000,1485.959961
7/2/2005,1485.959961,1534.290039,1484.180054,1533.27002,1533.27002,6335520000,1536.449951
7/9/2005,1536.449951,1582.400024,1535.069946,1577.819946,1577.819946,8375590000,1573.619995
7/16/2005,1573.619995,1610.839966,1570.02002,1600.76001,1600.76001,8592250000,1600.619995
7/23/2005,1600.619995,1619.949951,1591.400024,1605.140015,1605.140015,8222750000,1609.73999
7/30/2005,1609.73999,1628.569946,1600.25,1601.589966,1601.589966,8043260000,1604.22998
8/6/2005,1604.22998,1610.209961,1581.410034,1591.75,1591.75,7842660000,1587.589966
8/13/2005,1587.589966,1606.959961,1572.439941,1573.719971,1573.719971,7035840000,1577.150024
8/20/2005,1577.150024,1588.920044,1552.98999,1558.839966,1558.839966,6980210000,1551.359985
8/27/2005,1551.359985,1587.819946,1551.310059,1573.119995,1573.119995,7090510000,1580.209961
9/3/2005,1580.209961,1610.119995,1578.98999,1607.829956,1607.829956,6079620000,1607.599976
9/10/2005,1607.599976,1619.119995,1585.069946,1599.439941,1599.439941,9160050000,1595.079956
9/17/2005,1595.079956,1604.02002,1551.810059,1571.75,1571.75,8519230000,1581.160034
9/24/2005,1581.160034,1601.689941,1560.869995,1601.660034,1601.660034,8277410000,1603.469971
10/1/2005,1603.469971,1617.77002,1540.339966,1555.920044,1555.920044,9275760000,1554.73999
10/8/2005,1554.73999,1560.650024,1515.420044,1544.290039,1544.290039,8578940000,1544.579956
10/15/2005,1544.579956,1576.459961,1526.819946,1565.119995,1565.119995,8188690000,1570.329956
10/22/2005,1570.329956,1593.469971,1538.780029,1557.109985,1557.109985,8587750000,1559.839966
10/29/2005,1559.839966,1631.790039,1559.839966,1628.030029,1628.030029,9992140000,1630.76001
11/5/2005,1630.76001,1659.719971,1620.73999,1653.359985,1653.359985,6669620000,1653.650024
11/12/2005,1653.650024,1689.589966,1638.969971,1679.849976,1679.849976,8595640000,1678.699951
11/19/2005,1678.699951,1704.420044,1673.050049,1701.050049,1701.050049,3365780000,1702.400024
11/26/2005,1702.400024,1709.099976,1671.339966,1709.099976,1709.099976,8957930000,1704.119995
12/3/2005,1704.119995,1716.650024,1674.73999,1692.619995,1692.619995,8748580000,1698.150024
12/10/2005,1698.150024,1711.829956,1688.069946,1688.680054,1688.680054,7722700000,1692.209961
12/17/2005,1692.209961,1694.650024,1657.709961,1682.920044,1682.920044,7555730000,1686.920044
12/24/2005,1686.920044,1693.579956,1641.859985,1645.199951,1645.199951,4941440000,1654.390015
12/31/2005,1654.390015,1735.5,1633.619995,1734.98999,1734.98999,8004690000,1734.5
1/7/2006,1734.5,1761.459961,1729.599976,1746.780029,1746.780029,10103770000,1733.910034
1/14/2006,1733.910034,1740.589966,1674.319946,1676.380005,1676.380005,8635450000,1681.459961
1/21/2006,1681.459961,1722.930054,1670.329956,1711.109985,1711.109985,10894680000,1712.839966
1/28/2006,1712.839966,1720.880005,1658.380005,1664.530029,1664.530029,10949090000,1663.709961
2/4/2006,1663.709961,1681.920044,1637.26001,1663.75,1663.75,10407520000,1653.76001
2/11/2006,1653.76001,1688.609985,1638.530029,1675.209961,1675.209961,9139460000,1675.880005
2/18/2006,1675.880005,1687.589966,1650.939941,1676.5,1676.5,6909470000,1681.449951
2/25/2006,1681.449951,1706.410034,1665.630005,1684.319946,1684.319946,10503540000,1688.869995
3/4/2006,1688.869995,1691.109985,1634.25,1648.22998,1648.22998,9814890000,1655.349976
3/11/2006,1655.349976,1703.109985,1650.930054,1685.660034,1685.660034,10536180000,1690.900024
3/18/2006,1690.900024,1707.689941,1660.819946,1679.810059,1679.810059,10312260000,1678.930054
3/25/2006,1678.930054,1720.199951,1667.949951,1703.660034,1703.660034,10235460000,1715.119995
4/1/2006,1715.119995,1750.22998,1704.920044,1723.030029,1723.030029,10206940000,1724.650024
4/8/2006,1724.650024,1727.819946,1696.670044,1712.069946,1712.069946,6993220000,1710.910034
4/15/2006,1710.910034,1741.349976,1684.349976,1709.02002,1709.02002,10557860000,1706.51001
4/22/2006,1706.51001,1727.790039,1688.25,1700.709961,1700.709961,11469460000,1706.800049
4/29/2006,1706.800049,1716.189941,1679.26001,1713.839966,1713.839966,10317490000,1713.73999
5/6/2006,1713.73999,1721.130005,1634.650024,1635.810059,1635.810059,10322040000,1629.25
5/13/2006,1629.25,1640.099976,1575.810059,1600.859985,1600.859985,10878140000,1587.97998
5/20/2006,1587.97998,1606.459961,1554.76001,1606.369995,1606.369995,10568390000,1599.109985
5/27/2006,1599.109985,1626.290039,1568.219971,1612.900024,1612.900024,7849840000,1606.109985
6/3/2006,1606.109985,1612.900024,1525.780029,1550.969971,1550.969971,10439500000,1553.650024
6/10/2006,1553.650024,1576.790039,1511.530029,1562.839966,1562.839966,11202000000,1568.380005
6/17/2006,1568.380005,1585.880005,1543.849976,1551.050049,1551.050049,8367740000,1553.47998
6/24/2006,1553.47998,1590.829956,1520.930054,1575.22998,1575.22998,9396650000,1580.630005
7/1/2006,1580.630005,1586.439941,1529.400024,1533.709961,1533.709961,5720130000,1538.780029
7/8/2006,1538.780029,1543.119995,1456.380005,1462.170044,1462.170044,9111810000,1462.390015
7/15/2006,1462.390015,1498.319946,1446.77002,1451.880005,1451.880005,10104840000,1459.390015
7/22/2006,1459.390015,1511,1457.109985,1510.300049,1510.300049,9886280000,1506.810059
7/29/2006,1506.810059,1530.040039,1476.060059,1503.839966,1503.839966,8651900000,1501.430054
8/5/2006,1501.430054,1517.900024,1476.47998,1486.73999,1486.73999,8545520000,1500.650024
8/12/2006,1500.650024,1584.719971,1493.73999,1576.459961,1576.459961,9313350000,1566.160034
8/19/2006,1566.160034,1577.540039,1542.569946,1557.699951,1557.699951,7013990000,1557.209961
8/26/2006,1557.209961,1593.660034,1552.400024,1589.469971,1589.469971,7560630000,1589.920044
9/2/2006,1589.920044,1605.02002,1560.050049,1574.709961,1574.709961,6833950000,1563.079956
9/9/2006,1563.079956,1645.599976,1558.170044,1632.439941,1632.439941,9845270000,1631.47998
9/16/2006,1631.47998,1654.400024,1608.51001,1622.369995,1622.369995,9798710000,1631.339966
9/23/2006,1631.339966,1666.030029,1615.140015,1654.130005,1654.130005,9501480000,1650.319946
9/30/2006,1650.319946,1690.800049,1623.069946,1684.880005,1684.880005,9489810000,1683.199951
10/7/2006,1683.199951,1729.26001,1675.97998,1727.209961,1727.209961,9185730000,1728.22998
10/14/2006,1728.22998,1733.72998,1693.189941,1709.579956,1709.579956,10003080000,1706.180054
10/21/2006,1706.180054,1745.790039,1702.579956,1717.609985,1717.609985,10389630000,1715.790039
10/28/2006,1715.790039,1739.790039,1693.189941,1703.97998,1703.97998,9390710000,1712.030029
11/4/2006,1712.030029,1762.949951,1712.030029,1751.109985,1751.109985,10117740000,1751.839966
11/11/2006,1751.839966,1806,1749.52002,1800.670044,1800.670044,9522280000,1795.680054
11/18/2006,1795.680054,1824.209961,1790.469971,1815.530029,1815.530029,5612380000,1810.910034
11/25/2006,1810.910034,1813.920044,1760.01001,1775.119995,1775.119995,9987080000,1782.599976
12/2/2006,1782.599976,1810.819946,1767.829956,1786.209961,1786.209961,9725760000,1786.209961
12/9/2006,1786.209961,1821.180054,1771.300049,1808.560059,1808.560059,9737470000,1812.930054
12/16/2006,1812.930054,1820.939941,1748.609985,1748.609985,1748.609985,8686010000,1746.859985
12/23/2006,1746.859985,1774.640015,1746.069946,1756.900024,1756.900024,4883910000,1769.219971
12/30/2006,1769.219971,1799.069946,1731.709961,1785.300049,1785.300049,6599850000,1786.390015
1/6/2007,1786.390015,1845.680054,1776.72998,1844.810059,1844.810059,10936070000,1844.72998
1/13/2007,1844.72998,1847.540039,1787.52002,1796.810059,1796.810059,8907500000,1800.329956
1/20/2007,1800.329956,1810.23999,1763.300049,1772.969971,1772.969971,10373360000,1771.050049
1/27/2007,1771.050049,1806.810059,1764.630005,1798.130005,1798.130005,9918520000,1796.47998
2/3/2007,1796.47998,1819.300049,1776.51001,1785.530029,1785.530029,10369900000,1787.109985
2/10/2007,1787.109985,1824.089966,1774.25,1821.48999,1821.48999,9672320000,1817.839966
2/17/2007,1817.839966,1851.469971,1808.109985,1839.77002,1839.77002,8041220000,1848.47998
2/24/2007,1848.47998,1849.089966,1717.949951,1726.030029,1726.030029,12633850000,1726.030029
3/3/2007,1726.030029,1760.959961,1710.969971,1744.73999,1744.73999,10237400000,1742.97998
3/10/2007,1742.97998,1758.48999,1711.280029,1742.22998,1742.22998,9850690000,1752.189941
3/17/2007,1752.189941,1807.430054,1747.050049,1794.040039,1794.040039,9093410000,1796.01001
3/24/2007,1796.01001,1802.949951,1753.430054,1772.359985,1772.359985,9318860000,1775.920044
3/31/2007,1775.920044,1812.939941,1761.650024,1812.939941,1812.939941,7187300000,1818.75
4/7/2007,1818.75,1819.040039,1788.400024,1816.849976,1816.849976,9247200000,1823.689941
4/14/2007,1823.689941,1856.430054,1819.310059,1845.890015,1845.890015,9924280000,1848.48999
4/21/2007,1848.48999,1896.77002,1844.050049,1891.060059,1891.060059,11277510000,1891.810059
4/28/2007,1891.810059,1905.849976,1857.329956,1895.699951,1895.699951,10856880000,1896.099976
5/5/2007,1896.099976,1909.300049,1874.23999,1898.790039,1898.790039,9617430000,1902.099976
5/12/2007,1902.099976,1906.380005,1866.97998,1896.930054,1896.930054,10112080000,1899.599976
5/19/2007,1899.599976,1925.430054,1869.51001,1889.25,1889.25,9839780000,1891.069946
5/26/2007,1891.069946,1940.810059,1884.449951,1928.26001,1928.26001,7787030000,1921.949951
6/2/2007,1921.949951,1935.849976,1876.52002,1906.26001,1906.26001,10917830000,1904.910034
6/9/2007,1904.910034,1946.699951,1887.77002,1942.410034,1942.410034,10105770000,1947.790039
6/16/2007,1947.790039,1948.579956,1915.77002,1921.939941,1921.939941,12185250000,1924.180054
6/23/2007,1924.180054,1947,1899.920044,1934.099976,1934.099976,10251430000,1943.280029
6/30/2007,1943.280029,1989.430054,1939.73999,1988.310059,1988.310059,6234600000,1989.76001
7/7/2007,1989.76001,2032.280029,1965.609985,2032.160034,2032.160034,10034340000,2030.339966
7/14/2007,2030.339966,2060.290039,2019.170044,2035.880005,2035.880005,10680550000,2043.819946
7/21/2007,2043.819946,2045.810059,1955.619995,1956.189941,1956.189941,13077030000,1961.780029
7/28/2007,1961.780029,1992.530029,1912.099976,1918.560059,1918.560059,12954510000,1931.380005
8/4/2007,1931.380005,1995,1896.689941,1925.140015,1925.140015,15858500000,1941.410034
8/11/2007,1941.410034,1946.75,1805.660034,1888.780029,1888.780029,12257440000,1891.130005
8/18/2007,1891.130005,1961.380005,1874.27002,1961.380005,1961.380005,8368320000,1954.880005
8/25/2007,1954.880005,1993.72998,1899.23999,1988.72998,1988.72998,7768100000,1989.280029
9/1/2007,1989.280029,2032.099976,1949.869995,1958.349976,1958.349976,7486650000,1975.670044
9/8/2007,1975.670044,2006.369995,1943.27002,2000.819946,2000.819946,8656820000,1993.5
9/15/2007,1993.5,2056.27002,1975.290039,2049.47998,2049.47998,9694970000,2054.77002
9/22/2007,2054.77002,2101.959961,2047.51001,2091.110107,2091.110107,9418810000,2092.600098
9/29/2007,2092.600098,2151.719971,2088.790039,2149.669922,2149.669922,9214010000,2151.110107
10/6/2007,2151.110107,2194.139893,2127.070068,2177.98999,2177.98999,9744840000,2182.060059
10/13/2007,2182.060059,2191.659912,2131.080078,2131.080078,2131.080078,10750380000,2121.01001
10/20/2007,2121.01001,2205.179932,2116.639893,2194.590088,2194.590088,12371200000,2202.959961
10/27/2007,2202.959961,2239.22998,2181.5,2213.860107,2213.860107,11625650000,2193.060059
11/3/2007,2193.060059,2224.429932,2033.880005,2034.300049,2034.300049,13483530000,2028.910034
11/10/2007,2028.910034,2091.060059,1980.180054,2048.620117,2048.620117,12708940000,2040.170044
11/17/2007,2040.170044,2064.080078,1986.449951,2028.900024,2028.900024,7634440000,2033.23999
11/24/2007,2033.23999,2122.639893,1988.300049,2089.100098,2089.100098,11433420000,2080.100098
12/1/2007,2080.100098,2135.23999,2048.649902,2130,2130,10124040000,2131.669922
12/8/2007,2131.669922,2147.679932,2069.939941,2072.110107,2072.110107,10329790000,2064.449951
12/15/2007,2064.449951,2111.77002,1999.589966,2111.77002,2111.77002,10160890000,2113.120117
12/22/2007,2113.120117,2141.080078,2092.030029,2107.050049,2107.050049,5684120000,2097.909912
12/29/2007,2097.909912,2102.389893,1963.02002,1963.52002,1963.52002,8017750000,1971.280029
1/5/2008,1971.280029,1983.140015,1889.920044,1912.810059,1912.810059,12983630000,1940.329956
1/12/2008,1940.329956,1952.550049,1829.619995,1844.089966,1844.089966,13698970000,1740.530029
1/19/2008,1740.530029,1864,1693.060059,1789.170044,1789.170044,12339990000,1788.140015
1/26/2008,1788.140015,1864.969971,1773.699951,1855.27002,1855.27002,12686350000,1854.619995
2/2/2008,1854.619995,1854.619995,1714.859985,1773.73999,1773.73999,12090470000,1780.359985
2/9/2008,1780.359985,1824.219971,1767.339966,1780.380005,1780.380005,10697590000,1802.170044
2/16/2008,1802.170044,1807.449951,1739.150024,1773.439941,1773.439941,8848860000,1773.050049
2/23/2008,1773.050049,1808.650024,1740.900024,1745.27002,1745.27002,11070470000,1743.920044
3/1/2008,1743.920044,1768.130005,1682.030029,1707.5,1707.5,11576210000,1705.550049
3/8/2008,1705.550049,1764.719971,1672.76001,1713.829956,1713.829956,11670720000,1680.540039
3/15/2008,1680.540039,1772.089966,1668.569946,1751.98999,1751.98999,9779740000,1760.140015
3/22/2008,1760.140015,1831.97998,1760.140015,1767.569946,1767.569946,10151410000,1772.959961
3/29/2008,1772.959961,1884.130005,1767.859985,1865.869995,1865.869995,9916200000,1878.300049
4/5/2008,1878.300049,1885.930054,1794.819946,1798.719971,1798.719971,9348900000,1796.77002
4/12/2008,1796.77002,1908,1776.599976,1900.280029,1900.280029,9610450000,1892.969971
4/19/2008,1892.969971,1942.97998,1867.719971,1918.579956,1918.579956,10017960000,1920.530029
4/26/2008,1920.530029,1996.52002,1912.810059,1981.869995,1981.869995,10245380000,1980.839966
5/3/2008,1980.839966,2000.719971,1946.280029,1960.290039,1960.290039,10164460000,1969.5
5/10/2008,1969.5,2035.810059,1959.47998,2031.27002,2031.27002,10256260000,2031.819946
5/17/2008,2031.819946,2050.790039,1943.849976,1958.959961,1958.959961,10093200000,1965
5/24/2008,1965,2040.969971,1963.050049,2032.569946,2032.569946,7644910000,2026.579956
5/31/2008,2026.579956,2055.820068,1977.869995,1990.390015,1990.390015,10721310000,1995.369995
6/7/2008,1995.369995,1997.939941,1909.890015,1966.01001,1966.01001,10614560000,1954.040039
6/14/2008,1954.040039,1993.119995,1920.319946,1928.390015,1928.390015,10565330000,1936.709961
6/21/2008,1936.709961,1951.48999,1829.300049,1855.719971,1855.719971,11970500000,1852.829956
6/28/2008,1852.829956,1874.829956,1801.660034,1816.349976,1816.349976,8550260000,1834.280029
7/5/2008,1834.280029,1871.280029,1784.390015,1810.880005,1810.880005,11752990000,1834.859985
7/12/2008,1834.859985,1862.98999,1761.079956,1823.22998,1823.22998,12017890000,1831.859985
7/19/2008,1831.859985,1865.189941,1784.26001,1846.550049,1846.550049,11644950000,1841.319946
7/26/2008,1841.319946,1874.540039,1798.310059,1826.560059,1826.560059,11114910000,1825.680054
8/2/2008,1825.680054,1928.52002,1802.089966,1926.22998,1926.22998,10942390000,1921.76001
8/9/2008,1921.76001,1973.560059,1917.849976,1957.560059,1957.560059,9898350000,1962.170044
8/16/2008,1962.170044,1963.51001,1886.23999,1931.469971,1931.469971,8023700000,1918.449951
8/23/2008,1918.449951,1921.189941,1866.810059,1872.540039,1872.540039,8306310000,1904.209961
8/30/2008,1904.209961,1912.719971,1740.439941,1768.22998,1768.22998,8666070000,1794.079956
9/6/2008,1794.079956,1796.819946,1713.859985,1767.130005,1767.130005,11650510000,1721.780029
9/13/2008,1721.780029,1773.829956,1606.300049,1745.060059,1745.060059,16752980000,1742.52002
9/20/2008,1742.52002,1743.339966,1635.540039,1672.040039,1672.040039,9469040000,1638.380005
9/27/2008,1638.380005,1643.219971,1469,1470.839966,1470.839966,11758900000,1431.01001
10/4/2008,1431.01001,1440.189941,1196.109985,1269.800049,1269.800049,16630530000,1338.599976
10/11/2008,1338.599976,1470.98999,1192.25,1311.719971,1311.719971,14160790000,1329.680054
10/18/2008,1329.680054,1352.76001,1149.119995,1202.27002,1202.27002,12479010000,1182.619995
10/25/2008,1182.619995,1358.75,1167.699951,1334.780029,1334.780029,12692230000,1333.189941
11/1/2008,1333.189941,1382.650024,1235.849976,1271.619995,1271.619995,10423750000,1297.969971
11/8/2008,1297.969971,1298.089966,1109.890015,1179.630005,1179.630005,10958150000,1157.540039
11/15/2008,1157.540039,1187.97998,1018.859985,1085.569946,1085.569946,12772580000,1106.02002
11/22/2008,1106.02002,1193.089966,1096.550049,1185.75,1185.75,7778730000,1185.75
11/29/2008,1185.75,1185.75,1091.040039,1177.869995,1177.869995,10399180000,1202.780029
12/6/2008,1202.780029,1251.560059,1157.150024,1206.650024,1206.650024,10380970000,1206.880005
12/13/2008,1206.880005,1244.810059,1167.449951,1217.189941,1217.189941,10713980000,1212.310059
12/20/2008,1212.310059,1214.550049,1169.22998,1185.439941,1185.439941,4044120000,1185.959961
12/27/2008,1185.959961,1266.449951,1158.069946,1263.699951,1263.699951,5520050000,1254.699951
1/3/2009,1254.699951,1286.079956,1217.589966,1223.01001,1223.01001,9849940000,1225.119995
1/10/2009,1225.119995,1225.780029,1141.73999,1198.140015,1198.140015,10392080000,1193.97998
1/17/2009,1193.97998,1195.890015,1136.609985,1175.890015,1175.890015,8606720000,1177.439941
1/24/2009,1177.439941,1245.97998,1169.209961,1180.25,1180.25,9708450000,1168.130005
1/31/2009,1168.130005,1280.400024,1167.48999,1277.48999,1277.48999,11135250000,1276.719971
2/7/2009,1276.719971,1286.900024,1204.380005,1236.849976,1236.849976,11005200000,1197.589966
2/14/2009,1197.589966,1204.560059,1153.180054,1172.709961,1172.709961,8882120000,1180.099976
2/21/2009,1180.099976,1183.930054,1112.119995,1116.98999,1116.98999,11358050000,1098.98999
2/28/2009,1098.98999,1124.670044,1043.599976,1064.699951,1064.699951,11446830000,1058.849976
3/7/2009,1058.849976,1170.47998,1040.410034,1168.52002,1168.52002,10980850000,1177.329956
3/14/2009,1177.329956,1225.160034,1144.209961,1187.180054,1187.180054,11655620000,1213.119995
3/21/2009,1213.119995,1281.300049,1203.849976,1251.469971,1251.469971,11220020000,1230.890015
3/28/2009,1230.890015,1316.709961,1204.959961,1316.160034,1316.160034,11381170000,1301.430054
4/4/2009,1301.430054,1341.77002,1268.790039,1340.280029,1340.280029,7856140000,1333.719971
4/11/2009,1333.719971,1361.680054,1295.099976,1353.920044,1353.920044,10929840000,1330.180054
4/18/2009,1330.180054,1379.380005,1303.72998,1373.280029,1373.280029,13152970000,1359.880005
4/25/2009,1359.880005,1418.77002,1355.98999,1396.619995,1396.619995,11707060000,1407.650024
5/2/2009,1407.650024,1435.800049,1377.060059,1394.160034,1394.160034,14535270000,1375.050049
5/9/2009,1375.050049,1410.430054,1339.819946,1355.109985,1355.109985,11595130000,1367.050049
5/16/2009,1367.050049,1423.130005,1353.530029,1363.170044,1363.170044,10187550000,1351.130005
5/23/2009,1351.130005,1435.569946,1350.949951,1435.569946,1435.569946,8868150000,1451.369995
5/30/2009,1451.369995,1505.77002,1446.969971,1493.209961,1493.209961,12238410000,1482.209961
6/6/2009,1482.209961,1511.939941,1467.130005,1489.969971,1489.969971,10938640000,1472.77002
6/13/2009,1472.77002,1477.949951,1439.380005,1471.22998,1471.22998,11837830000,1455.780029
6/20/2009,1455.780029,1483.569946,1413.540039,1480.199951,1480.199951,12839940000,1483.660034
6/27/2009,1483.660034,1497.709961,1443.75,1446.280029,1446.280029,7920550000,1435.400024
7/4/2009,1435.400024,1444.300049,1394.869995,1419.839966,1419.839966,9991580000,1423.199951
7/11/2009,1423.199951,1527.26001,1402.189941,1527.26001,1527.26001,10249150000,1534.390015
7/18/2009,1534.390015,1605.089966,1529.449951,1599.060059,1599.060059,11812270000,1597.02002
7/25/2009,1597.02002,1632.969971,1580.52002,1603.359985,1603.359985,11137240000,1619.23999
8/1/2009,1619.23999,1633.160034,1595.359985,1619.48999,1619.48999,11476660000,1612.72998
8/8/2009,1612.72998,1634.119995,1587.400024,1611.579956,1611.579956,9908200000,1583.290039
8/15/2009,1583.290039,1639.22998,1563.140015,1637.780029,1637.780029,9868970000,1641.449951
8/22/2009,1641.449951,1668.01001,1611.72998,1643.23999,1643.23999,10501630000,1628.209961
8/29/2009,1628.209961,1648.27002,1585.560059,1638.069946,1638.069946,10584710000,1651.640015
9/5/2009,1651.640015,1689.680054,1643.439941,1685.459961,1685.459961,9300490000,1673.550049
9/12/2009,1673.550049,1732.420044,1673.130005,1725.23999,1725.23999,12876460000,1717.369995
9/19/2009,1717.369995,1754.540039,1690.680054,1694.150024,1694.150024,12553800000,1702.949951
9/26/2009,1702.949951,1733.790039,1656.569946,1662.48999,1662.48999,11749940000,1668.699951
10/3/2009,1668.699951,1732.109985,1660.369995,1727.76001,1727.76001,11094410000,1732.75
10/10/2009,1732.75,1756.25,1719.02002,1739.319946,1739.319946,10503050000,1741.430054
10/17/2009,1741.430054,1780.829956,1732.02002,1753.630005,1753.630005,11353850000,1756.5
10/24/2009,1756.5,1778.47998,1663.939941,1667.130005,1667.130005,12382050000,1667.060059
10/31/2009,1667.060059,1733.219971,1652.439941,1730.76001,1730.76001,10725730000,1743.550049
11/7/2009,1743.550049,1794.119995,1742.969971,1788.609985,1788.609985,9942320000,1794.880005
11/14/2009,1794.880005,1814.25,1758,1764.390015,1764.390015,10153940000,1782.920044
11/21/2009,1782.920044,1801.219971,1742.199951,1765.459961,1765.459961,6069260000,1762.98999
11/28/2009,1762.98999,1815.599976,1750.880005,1791.910034,1791.910034,10513880000,1791.349976
12/5/2009,1791.349976,1810.310059,1759.339966,1792.060059,1792.060059,9467790000,1802.280029
12/12/2009,1802.280029,1814.48999,1777.079956,1807.359985,1807.359985,10564540000,1818.390015
12/19/2009,1818.390015,1869.900024,1818.390015,1869.839966,1869.839966,5748580000,1874.709961
12/26/2009,1874.709961,1882.579956,1860.310059,1860.310059,1860.310059,4960330000,1882.689941
1/2/2010,1882.689941,1893.25,1867.619995,1892.589966,1892.589966,10968020000,1896.050049
1/9/2010,1896.050049,1897.48999,1852.310059,1864.52002,1864.52002,11656500000,1869.23999
1/16/2010,1869.23999,1896.540039,1791.400024,1794.819946,1794.819946,10092600000,1806.599976
1/23/2010,1806.599976,1825.949951,1734.030029,1741.040039,1741.040039,12908710000,1745.910034
1/30/2010,1745.910034,1787.890015,1712.890015,1746.119995,1746.119995,12618450000,1744.02002
2/6/2010,1744.02002,1783.699951,1734.119995,1779.109985,1779.109985,10770080000,1792.900024
2/13/2010,1792.900024,1830.380005,1782.72998,1823.319946,1823.319946,8419860000,1828.689941
2/20/2010,1828.689941,1829.180054,1781.119995,1818.680054,1818.680054,11026970000,1826.619995
2/27/2010,1826.619995,1889.680054,1826.609985,1888.560059,1888.560059,12538220000,1888.040039
3/6/2010,1888.040039,1930.170044,1885.98999,1924.430054,1924.430054,11842980000,1918.140015
3/13/2010,1918.140015,1949.140015,1906.01001,1932.430054,1932.430054,11668280000,1922.72998
3/20/2010,1922.72998,1976.380005,1921.709961,1952.630005,1952.630005,12422260000,1960.630005
3/27/2010,1960.630005,1979.48999,1943.969971,1959.560059,1959.560059,8824080000,1964.030029
4/3/2010,1964.030029,1994.47998,1958.01001,1994.430054,1994.430054,11980010000,1995.349976
4/10/2010,1995.349976,2040.48999,1986.829956,2012.839966,2012.839966,13771950000,2011.400024
4/17/2010,2011.400024,2055.629883,1988.369995,2055.330078,2055.330078,12414500000,2054.840088
4/24/2010,2054.840088,2059.419922,1991.949951,2000.630005,2000.630005,14021810000,2010.939941
5/1/2010,2010.939941,2039.52002,1752.310059,1849.439941,1849.439941,17273760000,1931.52002
5/8/2010,1931.52002,1983.130005,1885.51001,1907.099976,1907.099976,12800810000,1911.380005
5/15/2010,1911.380005,1933.25,1767.939941,1822.77002,1822.77002,14381040000,1818.459961
5/22/2010,1818.459961,1867.719971,1756.630005,1852.390015,1852.390015,12747510000,1846.599976
5/29/2010,1846.599976,1898.930054,1824.709961,1832.040039,1832.040039,8949480000,1839.77002
6/5/2010,1839.77002,1848.619995,1770.459961,1847.150024,1847.150024,11343270000,1862.699951
6/12/2010,1862.699951,1925.199951,1844.160034,1913.47998,1913.47998,10036280000,1939.77002
6/19/2010,1939.77002,1939.77002,1829.300049,1838.52002,1838.52002,11379310000,1843.27002
6/26/2010,1843.27002,1852.660034,1700.040039,1728.339966,1728.339966,11314780000,1752.97998
7/3/2010,1752.97998,1815.23999,1719.199951,1814.790039,1814.790039,7999170000,1814.48999
7/10/2010,1814.48999,1863.52002,1802.540039,1803.47998,1803.47998,10466210000,1807.98999
7/17/2010,1807.98999,1875.380005,1784.550049,1875.380005,1875.380005,10514210000,1875.77002
7/24/2010,1875.77002,1900.150024,1833.900024,1864,1864,10541390000,1886.609985
7/31/2010,1886.609985,1911.01001,1873.439941,1902.880005,1902.880005,9623140000,1911.380005
8/7/2010,1911.380005,1918.780029,1807.459961,1818.800049,1818.800049,9723350000,1806.969971
8/14/2010,1806.969971,1862.369995,1801.73999,1825.75,1825.75,9012350000,1833.329956
8/21/2010,1833.329956,1842.790039,1747.319946,1791.640015,1791.640015,9766090000,1785.97998
8/28/2010,1785.97998,1870.310059,1755.380005,1870.310059,1870.310059,9131660000,1862.880005
9/4/2010,1862.880005,1897.930054,1854.430054,1892.339966,1892.339966,7102570000,1908.75
9/11/2010,1908.75,1961.01001,1908.410034,1955.829956,1955.829956,10325550000,1962.150024
9/18/2010,1962.150024,2023.849976,1960.430054,2023.839966,2023.839966,10201320000,2021.680054
9/25/2010,2021.680054,2029.650024,1979.73999,1996.599976,1996.599976,10427730000,1990.130005
10/2/2010,1990.130005,2030.890015,1963.680054,2027.030029,2027.030029,10056470000,2028.530029
10/9/2010,2028.530029,2097.72998,2007.130005,2097.72998,2097.72998,10042710000,2100.209961
10/16/2010,2100.209961,2106.23999,2054.610107,2104.209961,2104.209961,9766980000,2113.22998
10/23/2010,2113.22998,2137.330078,2094.840088,2124.449951,2124.449951,9740950000,2135.570068
10/30/2010,2135.570068,2193.659912,2117.590088,2186.709961,2186.709961,10395080000,2179.699951
11/6/2010,2179.699951,2200.159912,2122.419922,2137.949951,2137.949951,10707400000,2147.060059
11/13/2010,2147.060059,2152.889893,2085.27002,2135.27002,2135.27002,9788890000,2126.399902
11/20/2010,2126.399902,2165.149902,2105.610107,2153.909912,2153.909912,6001450000,2144.040039
11/27/2010,2144.040039,2192.889893,2110.23999,2191.169922,2191.169922,9959210000,2192.120117
12/4/2010,2192.120117,2217.47998,2182.98999,2215.340088,2215.340088,8948490000,2223.889893
12/11/2010,2223.889893,2227.040039,2196.879883,2218.290039,2218.290039,9709700000,2225.409912
12/18/2010,2225.409912,2238.919922,2206.300049,2230.27002,2230.27002,6239830000,2223.76001
12/25/2010,2223.76001,2236.189941,2208.800049,2217.860107,2217.860107,5450400000,2238.659912
1/1/2011,2238.659912,2282.870117,2237.72998,2276.699951,2276.699951,10067560000,2270.649902
1/8/2011,2270.649902,2323.429932,2265,2323.429932,2323.429932,9580040000,2300.929932
1/15/2011,2300.929932,2331.629883,2267.169922,2268.320068,2268.320068,8391330000,2271.72998
1/22/2011,2271.72998,2336.040039,2260.600098,2270.51001,2270.51001,10230520000,2274.219971
1/29/2011,2274.219971,2338.659912,2258.050049,2338.199951,2338.199951,10130870000,2340.439941
2/5/2011,2340.439941,2381.399902,2338.870117,2379.149902,2379.149902,10066160000,2379.52002
2/12/2011,2379.52002,2403.52002,2371.189941,2392.469971,2392.469971,10296760000,2353.810059
2/19/2011,2353.810059,2366.429932,2284.649902,2346.290039,2346.290039,8674360000,2354.870117
2/26/2011,2354.870117,2375.669922,2308.050049,2359.959961,2359.959961,10097540000,2367.919922
3/5/2011,2367.919922,2370.909912,2275.070068,2299.26001,2299.26001,10237350000,2286.77002
3/12/2011,2286.77002,2302.919922,2188.919922,2221.070068,2221.070068,10719160000,2250.889893
3/19/2011,2250.889893,2331.629883,2234.939941,2316.360107,2316.360107,8990190000,2325.129883
3/26/2011,2325.129883,2359.159912,2291.780029,2342.919922,2342.919922,9105370000,2347.709961
4/2/2011,2347.709961,2352.25,2313.330078,2321.179932,2321.179932,9114900000,2330.26001
4/9/2011,2330.26001,2333.97998,2288.679932,2307.580078,2307.580078,9119440000,2281.919922
4/16/2011,2281.919922,2381.199951,2254.879883,2377.300049,2377.300049,7651140000,2377.909912
4/23/2011,2377.909912,2415.850098,2375.120117,2404.080078,2404.080078,10049000000,2410.23999
4/30/2011,2410.23999,2417.830078,2366.72998,2383.179932,2383.179932,10758020000,2384.199951
5/7/2011,2384.199951,2415.899902,2372.189941,2379.23999,2379.23999,10052580000,2368.469971
5/14/2011,2368.469971,2375.360107,2320.330078,2351.429932,2351.429932,9695140000,2318.159912
5/21/2011,2318.159912,2339.100098,2298.719971,2336.090088,2336.090088,9111280000,2359.050049
5/28/2011,2359.050049,2373.820068,2289.409912,2292.310059,2292.310059,8560370000,2288.610107
6/4/2011,2288.610107,2299.399902,2220.830078,2221.090088,2221.090088,9491730000,2225.209961
6/11/2011,2225.209961,2256.459961,2180.939941,2192.959961,2192.959961,9882720000,2187.209961
6/18/2011,2187.209961,2256.699951,2186.77002,2217.060059,2217.060059,10029030000,2217.629883
6/25/2011,2217.629883,2363.360107,2215.139893,2361.389893,2361.389893,8703330000,2363.080078
7/2/2011,2363.080078,2418.98999,2357.310059,2405.889893,2405.889893,6681940000,2380.560059
7/9/2011,2380.560059,2392.090088,2318.199951,2356.669922,2356.669922,9417720000,2346.530029
7/16/2011,2346.530029,2432.840088,2322.620117,2429.5,2429.5,9448020000,2408.649902
7/23/2011,2408.649902,2438.439941,2341.820068,2362.810059,2362.810059,10088920000,2391.419922
7/30/2011,2391.419922,2396.5,2131.52002,2194.379883,2194.379883,14211490000,2127.870117
8/6/2011,2127.870117,2195.25,2034.920044,2182.050049,2182.050049,16554660000,2189.48999
8/13/2011,2189.48999,2214.26001,2035.300049,2038.219971,2038.219971,11094420000,2084.27002
8/20/2011,2084.27002,2169.409912,2038.140015,2161.969971,2161.969971,9634500000,2188.669922
8/27/2011,2188.669922,2268.070068,2156.98999,2167.830078,2167.830078,8796770000,2116.47998
9/3/2011,2116.47998,2244.51001,2112.840088,2163.659912,2163.659912,7562830000,2145.780029
9/10/2011,2145.780029,2308.959961,2139.580078,2306.090088,2306.090088,10906970000,2277.639893
9/17/2011,2277.639893,2337.699951,2151.47998,2206.860107,2206.860107,10873320000,2216.659912
9/24/2011,2216.659912,2290.709961,2139.169922,2139.179932,2139.179932,10339380000,2128.02002
10/1/2011,2128.02002,2227.379883,2042.900024,2202.76001,2202.76001,12395070000,2241.169922
10/8/2011,2241.169922,2371.939941,2237.47998,2371.939941,2371.939941,8542910000,2359.530029
10/15/2011,2359.530029,2375.26001,2274.48999,2335.929932,2335.929932,9647210000,2341.709961
10/22/2011,2341.709961,2412.52002,2291.780029,2401.290039,2401.290039,10430080000,2376.98999
10/29/2011,2376.98999,2389.290039,2287.73999,2356.320068,2356.320068,10025560000,2353.820068
11/5/2011,2353.820068,2402.51001,2290.530029,2355.780029,2355.780029,9202160000,2350.909912
11/12/2011,2350.909912,2375.100098,2250.939941,2253.949951,2253.949951,9011380000,2219.879883
11/19/2011,2219.879883,2225.540039,2150.709961,2150.879883,2150.879883,6240100000,2207.679932
11/26/2011,2207.679932,2331.120117,2205.77002,2302.040039,2302.040039,9180160000,2336.550049
12/3/2011,2336.550049,2343.100098,2278.419922,2318.679932,2318.679932,8346150000,2295.429932
12/10/2011,2295.429932,2316.899902,2219.679932,2238.179932,2238.179932,9531970000,2244.370117
12/17/2011,2244.370117,2287.959961,2209.570068,2287.570068,2287.570068,7726090000,2284.290039
12/24/2011,2284.290039,2301.300049,2262.219971,2277.830078,2277.830078,4083690000,2323.159912
12/31/2011,2323.159912,2362.580078,2307.560059,2356.169922,2356.169922,6826880000,2362.530029
1/7/2012,2362.530029,2384.26001,2342.340088,2371.97998,2371.97998,8602750000,2396.139893
1/14/2012,2396.139893,2445.590088,2385.790039,2437.02002,2437.02002,7542760000,2437.060059
1/21/2012,2437.060059,2479.310059,2423.23999,2461.77002,2461.77002,8897990000,2438.52002
1/28/2012,2438.52002,2532.26001,2433.629883,2529.169922,2529.169922,9647560000,2519.330078
2/4/2012,2519.330078,2567.280029,2513.51001,2547.320068,2547.320068,9390950000,2564.929932
2/11/2012,2564.929932,2600.959961,2551.350098,2584.23999,2584.23999,9459720000,2589.209961
2/18/2012,2589.209961,2609.449951,2570.070068,2604.209961,2604.209961,6939420000,2589.439941
2/25/2012,2589.439941,2650,2579.629883,2641.580078,2641.580078,9405150000,2636.600098
3/3/2012,2636.600098,2651.97998,2575.129883,2646.850098,2646.850098,8339410000,2646.97998
3/10/2012,2646.97998,2720.48999,2635.76001,2712.780029,2712.780029,8480010000,2716.97998
3/17/2012,2716.97998,2752.459961,2710.629883,2728.550049,2728.550049,7563120000,2746.97998
3/24/2012,2746.97998,2794,2741.320068,2755.27002,2755.27002,8644950000,2752.25
3/31/2012,2752.25,2795.350098,2729.209961,2762.5,2762.5,6934350000,2726.080078
4/7/2012,2726.080078,2751.439941,2688.209961,2698.98999,2698.98999,7829820000,2713.889893
4/14/2012,2713.889893,2738.590088,2660.959961,2676.040039,2676.040039,8675860000,2651.129883
4/21/2012,2651.129883,2750.5,2628.959961,2741.340088,2741.340088,8720790000,2731.26001
4/28/2012,2731.26001,2756.810059,2637.72998,2637.919922,2637.919922,9125730000,2622.669922
5/5/2012,2622.669922,2651.73999,2587.530029,2615.97998,2615.97998,9702890000,2593.75
5/12/2012,2593.75,2617.22998,2474.699951,2478.530029,2478.530029,10153000000,2482.310059
5/19/2012,2482.310059,2562.47998,2478.360107,2527.050049,2527.050049,8694880000,2542.659912
5/26/2012,2542.659912,2570.790039,2458.72998,2458.830078,2458.830078,6038970000,2458.969971
6/2/2012,2458.969971,2570.47998,2443.919922,2559.209961,2559.209961,8188030000,2578.72998
6/9/2012,2578.72998,2579.22998,2510.75,2571.22998,2571.22998,8330080000,2570.97998
6/16/2012,2570.97998,2633.209961,2554.649902,2585.530029,2585.530029,10350960000,2562.97998
6/23/2012,2562.97998,2615.820068,2510.370117,2615.719971,2615.719971,8623210000,2616.52002
6/30/2012,2616.52002,2660.26001,2596.100098,2612.290039,2612.290039,5715980000,2610.379883
7/7/2012,2610.379883,2630.030029,2522.889893,2584.969971,2584.969971,7909430000,2579.959961
7/14/2012,2579.959961,2663.120117,2554.340088,2618.040039,2618.040039,8552010000,2575.290039
7/21/2012,2575.290039,2649.97998,2535.040039,2647.030029,2647.030029,9223830000,2649.780029
7/28/2012,2649.780029,2684.580078,2606.540039,2676,2676,8560790000,2686.379883
8/4/2012,2686.379883,2727.310059,2681.719971,2722.959961,2722.959961,8536510000,2721.48999
8/11/2012,2721.48999,2780.77002,2708.379883,2780.300049,2780.300049,8036010000,2777.709961
8/18/2012,2777.709961,2802.909912,2750.639893,2778.050049,2778.050049,7218500000,2792
8/25/2012,2792,2794.27002,2746.679932,2772.23999,2772.23999,6642570000,2766.929932
9/1/2012,2766.929932,2829.949951,2744.290039,2825.110107,2825.110107,6660530000,2821.030029
9/8/2012,2821.030029,2865.370117,2775.399902,2855.22998,2855.22998,8705530000,2857.52002
9/15/2012,2857.52002,2878.379883,2842.590088,2861.639893,2861.639893,9378890000,2836.350098
9/22/2012,2836.350098,2858.679932,2768.580078,2799.189941,2799.189941,8974780000,2811.449951
9/29/2012,2811.449951,2845.969971,2779.01001,2811.939941,2811.939941,8264920000,2797.330078
10/6/2012,2797.330078,2801.850098,2714.169922,2720.139893,2720.139893,7740830000,2729.199951
10/13/2012,2729.199951,2784.810059,2675.570068,2678.320068,2678.320068,9340160000,2678.889893
10/20/2012,2678.889893,2699.080078,2636.830078,2665.830078,2665.830078,9214330000,2663.560059
10/27/2012,2663.560059,2701.909912,2639.629883,2656.280029,2656.280029,5521510000,2657.72998
11/3/2012,2657.72998,2696.459961,2571.860107,2584.100098,2584.100098,9017330000,2596.570068
11/10/2012,2596.570068,2600.649902,2494.379883,2534.159912,2534.159912,9500120000,2564.22998
11/17/2012,2564.22998,2640.389893,2562.52002,2639.590088,2639.590088,5578800000,2634.429932
11/24/2012,2634.429932,2688.949951,2613.219971,2677.879883,2677.879883,9083260000,2697.439941
12/1/2012,2697.439941,2699.040039,2623.620117,2640.540039,2640.540039,8576940000,2634.540039
12/8/2012,2634.540039,2696.899902,2620.080078,2628.090088,2628.090088,8827480000,2629.76001
12/15/2012,2629.76001,2713.389893,2627.370117,2664.669922,2664.669922,10401100000,2658.649902
12/22/2012,2658.649902,2663.560059,2599.629883,2606.360107,2606.360107,4159740000,2600.919922
12/29/2012,2600.919922,2750.820068,2598.570068,2724.48999,2724.48999,7183090000,2713.439941
1/5/2013,2713.439941,2749.360107,2703.75,2748.26001,2748.26001,8706270000,2733.459961
1/12/2013,2733.459961,2756.679932,2710.800049,2743.23999,2743.23999,9047880000,2744.27002
1/19/2013,2744.27002,2769.310059,2719.830078,2736.72998,2736.72998,7456160000,2737.620117
1/26/2013,2737.620117,2768.629883,2722.52002,2763.959961,2763.959961,10204380000,2749.399902
2/2/2013,2749.399902,2780.129883,2715.51001,2775.560059,2775.560059,9800010000,2774.439941
2/9/2013,2774.439941,2783.189941,2756.429932,2764.669922,2764.669922,8944190000,2770.699951
2/16/2013,2770.699951,2782.860107,2700.320068,2737.280029,2737.280029,7479770000,2756.189941
2/23/2013,2756.189941,2763.959961,2689.830078,2747.75,2747.75,9398780000,2738.209961
3/2/2013,2738.209961,2812.72998,2734.919922,2804.110107,2804.110107,8661160000,2798.129883
3/9/2013,2798.129883,2812.290039,2787.719971,2799.409912,2799.409912,8836400000,2771.530029
3/16/2013,2771.530029,2811.47998,2763.120117,2800.810059,2800.810059,8213930000,2810.75
3/23/2013,2810.75,2820.669922,2778.780029,2818.689941,2818.689941,6167440000,2819.780029
3/30/2013,2819.780029,2828.639893,2744.26001,2771.75,2771.75,7945880000,2772.300049
4/6/2013,2772.300049,2863.659912,2764.340088,2856.47998,2856.47998,7891870000,2841.26001
4/13/2013,2841.26001,2849.159912,2730.969971,2780.459961,2780.459961,8702300000,2791.77002
4/20/2013,2791.77002,2860.689941,2780.820068,2840.550049,2840.550049,8785900000,2849.540039
4/27/2013,2849.540039,2952.219971,2849.040039,2944.590088,2944.590088,8966030000,2948.899902
5/4/2013,2948.899902,2981.02002,2942.25,2981.02002,2981.02002,8482560000,2972.959961
5/11/2013,2972.959961,3028.959961,2971.72998,3028.959961,3028.959961,9054310000,3019.280029
5/18/2013,3019.280029,3053.51001,2965.300049,2991.02002,2991.02002,8971250000,3024.379883
5/25/2013,3024.379883,3037,2979.899902,2981.76001,2981.76001,7248310000,2984.590088
6/1/2013,2984.590088,3007.300049,2911.939941,2990.870117,2990.870117,9189140000,2995.030029
6/8/2013,2995.030029,3004.669922,2914.199951,2943.860107,2943.860107,7789860000,2967.330078
6/15/2013,2967.330078,3001.889893,2853.689941,2877.939941,2877.939941,9869520000,2852.649902
6/22/2013,2852.649902,2927.48999,2825.179932,2909.600098,2909.600098,10679730000,2933.47998
6/29/2013,2933.47998,2963.820068,2913.47998,2963.219971,2963.219971,5462320000,2976.610107
7/6/2013,2976.610107,3079.070068,2955.370117,3079.070068,3079.070068,8082610000,3077.02002
7/13/2013,3077.02002,3091.209961,3035.98999,3044.929932,3044.929932,8108860000,3061.5
7/20/2013,3061.5,3076.22998,3029.070068,3076.22998,3076.22998,8984050000,3067.47998
7/27/2013,3067.47998,3143.52002,3062.909912,3143.52002,3143.52002,8798240000,3136.77002
8/3/2013,3136.77002,3145.25,3096.409912,3118.570068,3118.570068,7825360000,3107.060059
8/10/2013,3107.060059,3149.23999,3068.070068,3073.909912,3073.909912,7819460000,3074.379883
8/17/2013,3074.379883,3127.050049,3061.419922,3124.27002,3124.27002,6525130000,3127.01001
8/24/2013,3127.01001,3147.870117,3053.26001,3073.810059,3073.810059,7088140000,3097.649902
8/31/2013,3097.649902,3148.98999,3077.129883,3133.379883,3133.379883,6682280000,3146.02002
9/7/2013,3146.02002,3189.23999,3146.02002,3178.280029,3178.280029,8343290000,3203.189941
9/14/2013,3203.189941,3248.52002,3163.129883,3224.72998,3224.72998,9197370000,3242.320068
9/21/2013,3242.320068,3243.429932,3202.75,3230.300049,3230.300049,8879040000,3190.399902
9/28/2013,3190.399902,3256.709961,3186.860107,3242.570068,3242.570068,8966000000,3215.77002
10/5/2013,3215.77002,3240.110107,3117.689941,3233.830078,3233.830078,9459030000,3213.379883
10/12/2013,3213.379883,3355.629883,3212.050049,3353.879883,3353.879883,8862950000,3361.76001
10/19/2013,3361.76001,3400.040039,3330.199951,3383.830078,3383.830078,9760130000,3382.179932
10/26/2013,3382.179932,3408.280029,3364.649902,3379.76001,3379.76001,9814300000,3388.699951
11/2/2013,3388.699951,3401.27002,3318.399902,3366.840088,3366.840088,10057730000,3359.830078
11/9/2013,3359.830078,3422.580078,3346.409912,3422.580078,3422.580078,9063920000,3423.469971
11/16/2013,3423.469971,3429.199951,3359.310059,3422.02002,3422.02002,8713400000,3433.919922
11/23/2013,3433.919922,3495.969971,3420.360107,3487.820068,3487.820068,6033960000,3496.189941
11/30/2013,3496.189941,3511.100098,3453.219971,3504.26001,3504.26001,9050440000,3515.669922
12/7/2013,3515.669922,3524.01001,3449.73999,3456.399902,3456.399902,9014110000,3470.429932
12/14/2013,3470.429932,3540.969971,3422.860107,3531.189941,3531.189941,11306760000,3563.189941
12/21/2013,3563.189941,3591.310059,3552.300049,3574.02002,3574.02002,5017360000,3570.860107
12/28/2013,3570.860107,3592,3537.610107,3538.72998,3538.72998,6156910000,3539.02002
1/4/2014,3539.02002,3579.399902,3512.449951,3565.080078,3565.080078,11274120000,3559.389893
1/11/2014,3559.389893,3615.699951,3499.370117,3591.25,3591.25,10614510000,3611.629883
1/18/2014,3611.629883,3634.649902,3541.379883,3541.47998,3541.47998,8742390000,3543.5
1/25/2014,3543.5,3548.47998,3461.639893,3521.919922,3521.919922,11190290000,3524.22998
2/1/2014,3524.22998,3563.139893,3418.879883,3561.909912,3561.909912,10957300000,3558.590088
2/8/2014,3558.590088,3671.040039,3557.780029,3663.879883,3663.879883,9973310000,3668.98999
2/15/2014,3668.98999,3687.159912,3640.629883,3662.600098,3662.600098,7973960000,3670.070068
2/22/2014,3670.070068,3722.379883,3663.75,3696.100098,3696.100098,11073610000,3657.320068
3/1/2014,3657.320068,3738.320068,3637.669922,3703.399902,3703.399902,11083150000,3702.139893
3/8/2014,3702.139893,3725.709961,3626.860107,3627.870117,3627.870117,11301760000,3653.189941
3/15/2014,3653.189941,3717.360107,3643.350098,3653.070068,3653.070068,10859060000,3665.379883
3/22/2014,3665.379883,3665.580078,3543.070068,3571.48999,3571.48999,11461360000,3598.080078
3/29/2014,3598.080078,3676.360107,3532.280029,3539.379883,3539.379883,11119720000,3522.209961
4/5/2014,3522.209961,3602.350098,3440.550049,3446.850098,3446.850098,11396830000,3479.659912
4/12/2014,3479.659912,3551.02002,3414.110107,3534.530029,3534.530029,8121420000,3543.649902
4/19/2014,3543.649902,3613.199951,3525.590088,3533.100098,3533.100098,9433140000,3546.959961
4/26/2014,3546.959961,3613.030029,3489.600098,3587.639893,3587.639893,10332790000,3566.26001
5/3/2014,3566.26001,3605.26001,3506.350098,3555.699951,3555.699951,10285910000,3574.23999
5/10/2014,3574.23999,3625.77002,3542.629883,3587.199951,3587.199951,9392030000,3577.850098
5/17/2014,3577.850098,3678.169922,3572.280029,3677.330078,3677.330078,8475230000,3693.179932
5/24/2014,3693.179932,3741.570068,3691.090088,3736.820068,3736.820068,7215130000,3740.709961
5/31/2014,3740.709961,3795.139893,3707.889893,3794.570068,3794.570068,8503440000,3795.850098
6/7/2014,3795.850098,3804.040039,3751.689941,3775.560059,3775.560059,9011390000,3768.370117
6/14/2014,3768.370117,3811.23999,3761.419922,3802.639893,3802.639893,9916980000,3802.25
6/21/2014,3802.25,3844.889893,3791.120117,3844.439941,3844.439941,10969450000,3844.449951
6/28/2014,3844.449951,3923.149902,3841.699951,3923.01001,3923.01001,6391870000,3917.889893
7/5/2014,3917.889893,3923.919922,3837.159912,3904.580078,3904.580078,8844340000,3923.600098
7/12/2014,3923.600098,3947.48999,3866.219971,3939.889893,3939.889893,9289850000,3933.110107
7/19/2014,3933.110107,3997.5,3917.73999,3965.169922,3965.169922,8838590000,3966.310059
7/26/2014,3966.310059,3989,3855.350098,3879.669922,3879.669922,10070210000,3890.629883
8/2/2014,3890.629883,3922.25,3845.199951,3888.090088,3888.090088,9038280000,3899.97998
8/9/2014,3899.97998,3997.080078,3887.580078,3987.51001,3987.51001,8059070000,4007.189941
8/16/2014,4007.189941,4060.899902,4003.459961,4052.75,4052.75,7363490000,4073.47998
8/23/2014,4073.47998,4082.969971,4054.610107,4082.560059,4082.560059,6906120000,4093.120117
8/30/2014,4093.120117,4104.430176,4051.75,4089.919922,4089.919922,7127060000,4086.52002
9/6/2014,4086.52002,4110.859863,4053.110107,4069.22998,4069.22998,8924440000,4070.199951
9/13/2014,4070.199951,4118.910156,4009.97998,4100.089844,4100.089844,10569910000,4091.870117
9/20/2014,4091.870117,4096.27002,4007.629883,4053.719971,4053.719971,9071600000,4009.659912
9/27/2014,4009.659912,4070.439941,3934.939941,4027.310059,4027.310059,10193900000,4041.399902
10/4/2014,4041.399902,4048.790039,3870.860107,3870.860107,3870.860107,11421200000,3866.889893
10/11/2014,3866.889893,3893.659912,3700.22998,3815.469971,3815.469971,12874700000,3813.600098
10/18/2014,3813.600098,4045.189941,3804.969971,4042.02002,4042.02002,9388650000,4031.879883
10/25/2014,4031.879883,4170.870117,4019.22998,4158.209961,4158.209961,10195870000,4160.600098
11/1/2014,4160.600098,4179.930176,4126.720215,4160.5,4160.5,9939840000,4162.589844
11/8/2014,4162.589844,4228.680176,4151.47998,4224.990234,4224.990234,8864290000,4215.290039
11/15/2014,4215.290039,4285.27002,4194.180176,4251.319824,4251.319824,8514060000,4262.089844
11/22/2014,4262.089844,4347.089844,4258.410156,4337.790039,4337.790039,5649800000,4323.950195
11/29/2014,4323.950195,4332.549805,4274.680176,4311.569824,4311.569824,8958470000,4301.27002
12/6/2014,4301.27002,4320.080078,4199.279785,4199.279785,4199.279785,9529830000,4224.169922
12/13/2014,4224.169922,4300.399902,4089.090088,4281.779785,4281.779785,12115390000,4271.870117
12/20/2014,4271.870117,4322.450195,4270.540039,4314.089844,4314.089844,4970860000,4309.700195
12/27/2014,4309.700195,4321.200195,4206.459961,4230.240234,4230.240234,5447690000,4206.549805
1/3/2015,4206.549805,4253.970215,4090.330078,4213.279785,4213.279785,9741020000,4221.52002
1/10/2015,4221.52002,4252.700195,4078.850098,4142.140137,4142.140137,10044730000,4164.430176
1/17/2015,4164.430176,4292.879883,4117.149902,4278.140137,4278.140137,7332840000,4271.100098
1/24/2015,4271.100098,4282.47998,4103.709961,4148.430176,4148.430176,10165290000,4162.200195
1/31/2015,4162.200195,4271.279785,4094.72998,4228.680176,4228.680176,10443580000,4209.810059
2/7/2015,4209.810059,4384.029785,4206.759766,4384.029785,4384.029785,9239750000,4379.319824
2/14/2015,4379.319824,4444.620117,4370.629883,4443.049805,4443.049805,6790320000,4441.259766
2/21/2015,4441.259766,4464.310059,4428.819824,4440.669922,4440.669922,9299440000,4452.799805
2/28/2015,4452.799805,4483.970215,4389.819824,4399.22998,4399.22998,9417260000,4406.870117
3/7/2015,4406.870117,4424.220215,4289.299805,4314.899902,4314.899902,9125060000,4338.290039
3/14/2015,4338.290039,4478.680176,4327.27002,4458.540039,4458.540039,9922060000,4454.149902
3/21/2015,4454.149902,4467.790039,4280.950195,4332.859863,4332.859863,9123680000,4359.779785
3/28/2015,4359.779785,4384.180176,4284.060059,4316.009766,4316.009766,7054810000,4286.160156
4/4/2015,4286.160156,4422.629883,4283.910156,4422.02002,4422.02002,6998580000,4428.129883
4/11/2015,4428.129883,4448.200195,4333.109863,4351.799805,4351.799805,8559120000,4373.649902
4/18/2015,4373.649902,4543.640137,4373.089844,4536.779785,4536.779785,8817750000,4548.509766
4/25/2015,4548.509766,4562.330078,4395.100098,4479.060059,4479.060059,10199960000,4491.189941
5/2/2015,4491.189941,4510.470215,4349.930176,4458.649902,4458.649902,9904030000,4457.620117
5/9/2015,4457.620117,4509.129883,4380.52002,4494.290039,4494.290039,8518750000,4487.140137
5/16/2015,4487.140137,4542.459961,4483.759766,4527.160156,4527.160156,8410270000,4516.629883
5/23/2015,4516.629883,4551.529785,4456.759766,4508.25,4508.25,7307090000,4530.029785
5/30/2015,4530.029785,4539.350098,4452.319824,4477.189941,4477.189941,9141400000,4476.689941
6/6/2015,4476.689941,4511.319824,4392.450195,4453.790039,4453.790039,8312380000,4416.140137
6/13/2015,4416.140137,4540.689941,4396.129883,4513.419922,4513.419922,9504150000,4541.850098
6/20/2015,4541.850098,4561.640137,4469.22998,4484.279785,4484.279785,10320880000,4433.109863
6/27/2015,4433.109863,4460.080078,4377.22998,4433.390137,4433.390137,7365380000,4394.439941
7/4/2015,4394.439941,4444.410156,4344.149902,4420.149902,4420.149902,9256930000,4457.759766
7/11/2015,4457.759766,4661.600098,4456.540039,4661.600098,4661.600098,8746130000,4670.22998
7/18/2015,4670.22998,4694.129883,4552.399902,4557.370117,4557.370117,9632170000,4530.370117
7/25/2015,4530.370117,4616.47998,4506.189941,4588.910156,4588.910156,9693520000,4595.259766
8/1/2015,4595.259766,4634.700195,4485.5,4520.080078,4520.080078,9950580000,4558.680176
8/8/2015,4558.680176,4583.629883,4436.540039,4530.740234,4530.740234,8906700000,4516.879883
8/15/2015,4516.879883,4568.589844,4197.27002,4197.27002,4197.27002,9653290000,3847.120117
8/22/2015,3847.120117,4340.700195,3787.22998,4329.120117,4329.120117,13038720000,4299.879883
8/29/2015,4299.879883,4324.740234,4121.830078,4184.720215,4184.720215,9399880000,4267.399902
9/5/2015,4267.399902,4352.959961,4242.470215,4323.22998,4323.22998,7261310000,4334.859863
9/12/2015,4334.859863,4450.660156,4293.77002,4323.859863,4323.859863,9885240000,4343.77002
9/19/2015,4343.77002,4372.419922,4198.109863,4224.740234,4224.740234,9717090000,4206.680176
9/26/2015,4206.680176,4267.450195,4053.120117,4267.450195,4267.450195,11396720000,4296.540039
10/3/2015,4296.540039,4378.259766,4273.700195,4370.009766,4370.009766,10028720000,4378.640137
10/10/2015,4378.640137,4438.75,4328.959961,4438.620117,4438.620117,8609530000,4428.060059
10/17/2015,4428.060059,4645.959961,4409.899902,4624.089844,4624.089844,9561320000,4621.140137
10/24/2015,4621.140137,4681.22998,4606.660156,4648.830078,4648.830078,9831360000,4658.790039
10/31/2015,4658.790039,4737.120117,4652.450195,4707.22998,4707.22998,10133840000,4687.350098
11/7/2015,4687.350098,4694.27002,4499.149902,4502.140137,4502.140137,9251210000,4494.560059
11/14/2015,4494.560059,4691.589844,4486.089844,4686.359863,4686.359863,9259030000,4689.97998
11/21/2015,4689.97998,4706.620117,4621.629883,4680.470215,4680.470215,5946230000,4692.569824
11/28/2015,4692.569824,4739.75,4579.910156,4716.120117,4716.120117,10305380000,4718.549805
12/5/2015,4718.549805,4720.819824,4534.049805,4537.560059,4537.560059,9659060000,4535.560059
12/12/2015,4535.560059,4681.129883,4478.25,4514.830078,4514.830078,11929810000,4547.919922
12/19/2015,4547.919922,4635.589844,4519.819824,4622.77002,4622.77002,5528440000,4610.410156
12/26/2015,4610.410156,4702.740234,4580.129883,4593.27002,4593.27002,5379130000,4485.060059
1/2/2016,4485.060059,4522.120117,4264.810059,4270.779785,4270.779785,11155760000,4300.970215
1/9/2016,4300.970215,4359.5,4085.790039,4141.080078,4141.080078,12455970000,4199.560059
1/16/2016,4199.560059,4260.549805,3992.909912,4259.77002,4259.77002,10199770000,4245.470215
1/23/2016,4245.470215,4279.169922,4111.930176,4279.169922,4279.169922,11055630000,4254.410156
1/30/2016,4254.410156,4301.629883,4008.449951,4024.469971,4024.469971,11314920000,3947.98999
2/6/2016,3947.98999,4045.47998,3888.780029,4019.189941,4019.189941,12411760000,4077.330078
2/13/2016,4077.330078,4212.580078,4049.879883,4164.089844,4164.089844,8274000000,4203.600098
2/20/2016,4203.600098,4275.830078,4088.120117,4235.620117,4235.620117,9032710000,4228.569824
2/27/2016,4228.569824,4356.339844,4200.149902,4329,4329,10165440000,4303.810059
3/5/2016,4303.810059,4361.830078,4232.080078,4361.830078,4361.830078,9605260000,4347.939941
3/12/2016,4347.939941,4420.879883,4339.859863,4410.830078,4410.830078,9824810000,4403.089844
3/19/2016,4403.089844,4450.759766,4374.709961,4405.529785,4405.529785,6529050000,4415.040039
3/26/2016,4415.040039,4534.319824,4384.27002,4532.080078,4532.080078,8491830000,4526.390137
4/2/2016,4526.390137,4544.589844,4459.560059,4474.930176,4474.930176,8691280000,4496.259766
4/9/2016,4496.259766,4569.72998,4435.049805,4543.160156,4543.160156,8571870000,4535.209961
4/16/2016,4535.209961,4574.379883,4440.140137,4474.189941,4474.189941,9054970000,4459.669922
4/23/2016,4459.669922,4490.060059,4307.100098,4341.299805,4341.299805,9883930000,4350.830078
4/30/2016,4350.830078,4386.97998,4282,4330.169922,4330.169922,9564750000,4331.660156
5/7/2016,4331.660156,4407.930176,4312.879883,4326.529785,4326.529785,8872810000,4335.330078
5/14/2016,4335.330078,4395.700195,4284.370117,4362.899902,4362.899902,9377250000,4364.72998
5/21/2016,4364.72998,4512.540039,4353.359863,4512.540039,4512.540039,8703080000,4513.850098
5/28/2016,4513.850098,4531.350098,4480.799805,4509.790039,4509.790039,7509330000,4517.879883
6/4/2016,4517.879883,4536.549805,4447.330078,4461.049805,4461.049805,8558780000,4436.120117
6/11/2016,4436.120117,4461.27002,4362.160156,4374.379883,4374.379883,10100200000,4424.109863
6/18/2016,4424.109863,4467.47998,4274.540039,4285.700195,4285.700195,11309470000,4247.709961
6/25/2016,4247.709961,4453.859863,4179.740234,4437.450195,4437.450195,10766600000,4414.350098
7/2/2016,4414.350098,4529.720215,4375.720215,4528.359863,4528.359863,7186460000,4544.330078
7/9/2016,4544.330078,4607.180176,4544.330078,4589.830078,4589.830078,8487020000,4595.060059
7/16/2016,4595.060059,4670.540039,4591.830078,4666.069824,4666.069824,8676950000,4662.899902
7/23/2016,4662.899902,4743.25,4648.919922,4730.22998,4730.22998,9954480000,4734.439941
7/30/2016,4734.439941,4799.859863,4689.549805,4791.209961,4791.209961,9865790000,4791.100098
8/6/2016,4791.100098,4813.359863,4770.220215,4807.080078,4807.080078,7953300000,4814.77002
8/13/2016,4814.77002,4837.669922,4772.430176,4806.140137,4806.140137,8271270000,4797.950195
8/20/2016,4797.950195,4836.450195,4758.100098,4783.689941,4783.689941,7924990000,4787.930176
8/27/2016,4787.930176,4816.700195,4750.240234,4798.740234,4798.740234,7806150000,4806.660156
9/3/2016,4806.660156,4839.589844,4681.540039,4681.540039,4681.540039,7704880000,4656.589844
9/10/2016,4656.589844,4826.02002,4656.509766,4818.049805,4818.049805,10946550000,4833.839844
9/17/2016,4833.839844,4895.5,4787.439941,4858.910156,4858.910156,9129430000,4830.169922
9/24/2016,4830.169922,4889.22998,4811.279785,4875.700195,4875.700195,9207020000,4864.629883
10/1/2016,4864.629883,4891.5,4840.930176,4864.52002,4864.52002,8367060000,4887.72998
10/8/2016,4887.72998,4904.720215,4760.069824,4808.47998,4808.47998,8081560000,4808.470215
10/15/2016,4808.470215,4860.680176,4790.450195,4851.859863,4851.859863,7836950000,4884.160156
10/22/2016,4884.160156,4911.759766,4794.069824,4805.589844,4805.589844,8652020000,4821.310059
10/29/2016,4821.310059,4823.919922,4647.589844,4660.459961,4660.459961,9814630000,4737.97998
11/5/2016,4737.97998,4855.790039,4685.740234,4751.950195,4751.950195,11744380000,4752.609863
11/12/2016,4752.609863,4840.810059,4677.410156,4808.040039,4808.040039,10523200000,4822.029785
11/19/2016,4822.029785,4884.629883,4819.569824,4870.02002,4870.02002,6016930000,4861.72998
11/26/2016,4861.72998,4896.569824,4721.410156,4739.370117,4739.370117,9592730000,4762.339844
12/3/2016,4762.339844,4897.240234,4743.529785,4895.899902,4895.899902,10165370000,4878.040039
12/10/2016,4878.040039,4960.47998,4854.27002,4914.859863,4914.859863,11341080000,4919.160156
12/17/2016,4919.160156,4963,4911.75,4940.02002,4940.02002,7584620000,4948.919922
12/24/2016,4948.919922,4992.080078,4853.930176,4863.620117,4863.620117,5354300000,4900.850098
12/31/2016,4900.850098,5020.700195,4884.52002,5007.080078,5007.080078,7272940000,5013.819824
1/7/2017,5013.819824,5066.950195,4995.069824,5059.509766,5059.509766,9043580000,5043.069824
1/14/2017,5043.069824,5085.339844,5029.609863,5063.200195,5063.200195,6986380000,5055.970215
1/21/2017,5055.970215,5172.430176,5035.490234,5168.060059,5168.060059,8906500000,5146.410156
1/28/2017,5146.410156,5165.470215,5086.330078,5161.600098,5161.600098,9902970000,5154.180176
2/4/2017,5154.180176,5234.27002,5148.060059,5226.689941,5226.689941,9392290000,5242.490234
2/11/2017,5242.490234,5324.720215,5238.689941,5324.720215,5324.720215,9688010000,5334.569824
2/18/2017,5334.569824,5358.529785,5304.009766,5343.310059,5343.310059,7370390000,5330.560059
2/25/2017,5330.560059,5398.430176,5316.700195,5373.47998,5373.47998,10277730000,5352.609863
3/4/2017,5352.609863,5394.660156,5336.080078,5385.899902,5385.899902,9266400000,5387.72998
3/11/2017,5387.72998,5426.839844,5360.700195,5408.759766,5408.759766,10366310000,5406.02002
3/18/2017,5406.02002,5439.580078,5327.25,5364,5364,9364880000,5320.959961
3/25/2017,5320.959961,5451.5,5316.02002,5436.22998,5436.22998,8836870000,5440.200195
4/1/2017,5440.200195,5479.859863,5400.080078,5418.370117,5418.370117,9387480000,5423.569824
4/8/2017,5423.569824,5442.709961,5353.589844,5353.589844,5353.589844,6692550000,5369.209961
4/15/2017,5369.209961,5455.879883,5367.589844,5442.049805,5442.049805,8215100000,5503.27002
4/22/2017,5503.27002,5600,5494.459961,5583.529785,5583.529785,9498070000,5602.439941
4/29/2017,5602.439941,5646.089844,5600.310059,5646.089844,5646.089844,10008930000,5649.180176
5/6/2017,5649.180176,5691.209961,5637.399902,5686.810059,5686.810059,9707070000,5687.970215
5/13/2017,5687.970215,5724.709961,5568.470215,5651.560059,5651.560059,10234640000,5662.950195
5/20/2017,5662.950195,5793.129883,5661.589844,5788.359863,5788.359863,8436870000,5785.379883
5/27/2017,5785.379883,5881.459961,5762.560059,5881.459961,5881.459961,7661490000,5881.220215
6/3/2017,5881.220215,5897.689941,5657.759766,5741.939941,5741.939941,10732610000,5677.160156
6/10/2017,5677.160156,5774.200195,5633.339844,5681.47998,5681.47998,11567860000,5729.540039
6/17/2017,5729.540039,5810.310059,5724.490234,5803.109863,5803.109863,11823390000,5832.310059
6/24/2017,5832.310059,5845.149902,5599.439941,5646.919922,5646.919922,10802440000,5680.359863
7/1/2017,5680.359863,5684.97998,5579.640137,5656.470215,5656.470215,6654370000,5662.709961
7/8/2017,5662.709961,5844.799805,5650.259766,5838.080078,5838.080078,8716060000,5845.819824
7/15/2017,5845.819824,5932.609863,5818.200195,5921.529785,5921.529785,8799320000,5920.930176
7/22/2017,5920.930176,5995.77002,5847.049805,5908.919922,5908.919922,9993120000,5928.680176
7/29/2017,5928.680176,5936.149902,5859.620117,5899.910156,5899.910156,9829040000,5909.450195
8/5/2017,5909.450195,5972.930176,5783.359863,5831.529785,5831.529785,9649530000,5878.640137
8/12/2017,5878.640137,5944.97998,5770.140137,5790.910156,5790.910156,9089160000,5791.040039
8/19/2017,5791.040039,5879,5750.5,5822.529785,5822.529785,7766670000,5839.27002
8/26/2017,5839.27002,6009.609863,5785.220215,5987.899902,5987.899902,8282150000,5966.640137
9/2/2017,5966.640137,5980.910156,5890.25,5913.370117,5913.370117,7576920000,5962.350098
9/9/2017,5962.350098,6009.450195,5957.850098,5988,5988,10136760000,5997.509766
9/16/2017,5997.509766,6012.950195,5911.47998,5932.319824,5932.319824,9148560000,5904.060059
9/23/2017,5904.060059,5980.220215,5839.890137,5979.299805,5979.299805,9826840000,5988.959961
9/30/2017,5988.959961,6064.669922,5955.830078,6064.569824,6064.569824,9502930000,6071.959961
10/7/2017,6071.959961,6100.060059,6036.720215,6092.450195,6092.450195,8877000000,6108.660156
10/14/2017,6108.660156,6129.490234,6051.470215,6108.819824,6108.819824,8629420000,6122.240234
10/21/2017,6122.240234,6223.52002,6011.240234,6213.470215,6213.470215,10354490000,6209.799805
10/28/2017,6209.799805,6297.620117,6194.580078,6295.580078,6295.580078,10572340000,6292.149902
11/4/2017,6292.149902,6346.97998,6248.290039,6309.069824,6309.069824,10691880000,6286.009766
11/11/2017,6286.009766,6352.470215,6227.990234,6314.509766,6314.509766,9857290000,6319.569824
11/18/2017,6319.569824,6410.77002,6301.879883,6409.290039,6409.290039,6121150000,6409.52002
11/25/2017,6409.52002,6426.040039,6244.839844,6337.870117,6337.870117,10978820000,6380.680176
12/2/2017,6380.680176,6380.77002,6234.220215,6344.569824,6344.569824,10142120000,6351.240234
12/9/2017,6351.240234,6470.919922,6347.910156,6466.319824,6466.319824,11095710000,6504.890137
12/16/2017,6504.890137,6522.700195,6447.930176,6465.169922,6465.169922,9444840000,6427.319824
12/23/2017,6427.319824,6452.069824,6396.419922,6396.419922,6396.419922,5596930000,6431.589844
12/30/2017,6431.589844,6654.97998,6417.75,6653.290039,6653.290039,8201500000,6651.680176
1/6/2018,6651.680176,6763.97998,6619.350098,6758.540039,6758.540039,22411010000,6807.850098
1/13/2018,6807.850098,6843.240234,6719.109863,6834.330078,6834.330078,8638700000,6829.549805
1/20/2018,6829.549805,7022.970215,6822.850098,7022.970215,7022.970215,10623380000,7000.680176
1/27/2018,7000.680176,7020.640137,6756.540039,6760.290039,6760.290039,11554350000,6687.470215
2/3/2018,6687.470215,6807.959961,6164.430176,6412.680176,6412.680176,14468560000,6477.040039
2/10/2018,6477.040039,6840.600098,6424.299805,6770.660156,6770.660156,10399080000,6742.149902
2/17/2018,6742.149902,6897.529785,6740.47998,6896.600098,6896.600098,7648540000,6933.819824
2/24/2018,6933.819824,7003.129883,6645.029785,6811.040039,6811.040039,11172700000,6777.629883
3/3/2018,6777.629883,7101.310059,6753.830078,7101.180176,7101.180176,10946190000,7122.470215
3/10/2018,7122.470215,7186.089844,7010.009766,7019.950195,7019.950195,11886280000,6945.970215
3/17/2018,6945.970215,6949.02002,6507.839844,6508.089844,6508.089844,11018080000,6644.399902
3/24/2018,6644.399902,6793.5,6410.040039,6581.129883,6581.129883,9675220000,6528.22998
3/31/2018,6528.22998,6632.209961,6322.600098,6433.209961,6433.209961,11452510000,6488.47998
4/7/2018,6488.47998,6703.310059,6466.040039,6628.339844,6628.339844,9936540000,6675.919922
4/14/2018,6675.919922,6856.959961,6633.080078,6667.75,6667.75,9488140000,6699.160156
4/21/2018,6699.160156,6750.779785,6426.569824,6656.350098,6656.350098,10067980000,6669.439941
4/28/2018,6669.439941,6783.359863,6539.870117,6769.120117,6769.120117,10428300000,6803.450195
5/5/2018,6803.450195,6969.299805,6770.299805,6952.560059,6952.560059,10552780000,6977.350098
5/12/2018,6977.350098,7008.259766,6852.72998,6866.25,6866.25,10171780000,6920.319824
5/19/2018,6920.319824,6982.52002,6846.939941,6960.919922,6960.919922,9587950000,6928.5
5/26/2018,6928.5,7084.839844,6887.120117,7083.930176,7083.930176,8860030000,7099.5
6/2/2018,7099.5,7212.450195,7099.089844,7152.620117,7152.620117,10663030000,7149.649902
6/9/2018,7149.649902,7291.310059,7146.089844,7255.759766,7255.759766,11354490000,7201.180176
6/16/2018,7201.180176,7309.990234,7138.02002,7197.509766,7197.509766,12912270000,7131.049805
6/23/2018,7131.049805,7144.290039,6950.22998,7040.799805,7040.799805,11147570000,6979.540039
6/30/2018,6979.540039,7217,6969.160156,7207.330078,7207.330078,6396830000,7251.180176
7/7/2018,7251.180176,7387.740234,7220.22998,7375.819824,7375.819824,8964210000,7381.029785
7/14/2018,7381.029785,7418.430176,7288.299805,7350.22998,7350.22998,8967820000,7335.419922
7/21/2018,7335.419922,7511.390137,7255.319824,7296.779785,7296.779785,9958170000,7292.720215
7/28/2018,7292.720215,7395.490234,7158.779785,7395.490234,7395.490234,10662010000,7390.819824
8/4/2018,7390.819824,7498.370117,7381.580078,7408.299805,7408.299805,10651740000,7420.180176
8/11/2018,7420.180176,7468.819824,7308.52002,7377.540039,7377.540039,9941250000,7393.580078
8/18/2018,7393.580078,7489.540039,7343.470215,7485.399902,7485.399902,8892550000,7527.370117
8/25/2018,7527.370117,7691.100098,7512.02002,7654.549805,7654.549805,10091790000,7629.339844
9/1/2018,7629.339844,7643.450195,7400.990234,7430.259766,7430.259766,9341360000,7466.759766
9/8/2018,7466.759766,7581.299805,7401.720215,7545.5,7545.5,11069340000,7522.589844
9/15/2018,7522.589844,7603.859863,7427.790039,7531.069824,7531.069824,12752830000,7477.450195
9/22/2018,7477.450195,7657.799805,7447.22998,7627.649902,7627.649902,11372960000,7673
9/29/2018,7673,7700.560059,7327.439941,7399.009766,7399.009766,13669380000,7356.540039
10/6/2018,7356.540039,7430.359863,6892.890137,7157.209961,7157.209961,13555590000,7129.310059
10/13/2018,7129.310059,7311.850098,7047.470215,7107.22998,7107.22998,12215040000,7146.029785
10/20/2018,7146.029785,7193.720215,6743.779785,6852.399902,6852.399902,13655360000,6954.689941
10/27/2018,6954.689941,7085.27002,6574.75,6965.290039,6965.290039,13869380000,6946.149902
11/3/2018,6946.149902,7205.959961,6859.799805,7039.149902,7039.149902,12010600000,6990.370117
11/10/2018,6990.370117,6998.799805,6702.419922,6867.02002,6867.02002,12120210000,6832.25
11/17/2018,6832.25,6841.439941,6442.359863,6527.350098,6527.350098,7835970000,6616.790039
11/24/2018,6616.790039,6951.129883,6590.890137,6949.009766,6949.009766,10995080000,7106.839844
12/1/2018,7106.839844,7107,6594.540039,6613.279785,6613.279785,10555860000,6603.359863
12/8/2018,6603.359863,6867.660156,6534.330078,6594.959961,6594.959961,11369950000,6571
12/15/2018,6571,6621.629883,6013.97998,6046.560059,6046.560059,15942800000,5994.080078
12/22/2018,5994.080078,6388.359863,5895.120117,6285.27002,6285.27002,8820170000,6354.850098
12/29/2018,6354.850098,6445.200195,6139.399902,6422.669922,6422.669922,9547200000,6434.549805
1/5/2019,6434.549805,6631.060059,6412.97998,6601.399902,6601.399902,11554010000,6536.370117
1/12/2019,6536.370117,6816.22998,6512.640137,6784.609863,6784.609863,10709960000,6736.649902
1/19/2019,6736.649902,6800.970215,6584.5,6787.370117,6787.370117,9496500000,6691.839844
1/26/2019,6691.839844,6936.339844,6613.419922,6875.52002,6875.52002,12371360000,6876.560059
2/2/2019,6876.560059,7034.939941,6836.700195,6913.129883,6913.129883,10913460000,6941.259766
2/9/2019,6941.259766,7073.990234,6893.799805,7055.180176,7055.180176,10477050000,7033.370117
2/16/2019,7033.370117,7096.149902,7001.799805,7090.629883,7090.629883,8839310000,7144.339844
2/23/2019,7144.339844,7161.72998,7045.410156,7151.569824,7151.569824,12154480000,7193.879883
3/2/2019,7193.879883,7205.939941,6940.720215,7015.689941,7015.689941,11641280000,7050.049805
3/9/2019,7050.049805,7331.299805,7049.560059,7306.990234,7306.990234,12368400000,7311.629883
3/16/2019,7311.629883,7505.410156,7293.850098,7326.060059,7326.060059,12106360000,7299.930176
3/23/2019,7299.930176,7417.259766,7252.060059,7378.77002,7378.77002,10556310000,7450.810059
3/30/2019,7450.810059,7589.689941,7422.439941,7578.839844,7578.839844,11038290000,7565.060059
4/6/2019,7565.060059,7630.52002,7536.419922,7628.149902,7628.149902,10047170000,7630.600098
4/13/2019,7630.600098,7715.069824,7578.540039,7689.720215,7689.720215,8292300000,7658.370117
4/20/2019,7658.370117,7851.970215,7653.890137,7826.680176,7826.680176,9908160000,7825.640137
4/27/2019,7825.640137,7851.850098,7672.540039,7845.72998,7845.72998,10328940000,7662.919922
5/4/2019,7662.919922,7804.540039,7426.75,7586.529785,7586.529785,11422370000,7385.549805
5/11/2019,7385.549805,7627.029785,7303.640137,7503.680176,7503.680176,10862480000,7391.72998
5/18/2019,7391.72998,7472.709961,7261.459961,7300.959961,7300.959961,9923790000,7321.27002
5/25/2019,7321.27002,7362.290039,7125.970215,7127.959961,7127.959961,8740400000,7110.339844
6/1/2019,7110.339844,7445.990234,6936.680176,7417.290039,7417.290039,11198600000,7472.600098
6/8/2019,7472.600098,7595.569824,7454.870117,7479.109863,7479.109863,9750110000,7500.279785
6/15/2019,7500.279785,7772.529785,7492.169922,7728.779785,7728.779785,11142160000,7737
6/22/2019,7737,7746.680176,7584.169922,7671.080078,7671.080078,12404540000,7816.560059
6/29/2019,7816.560059,7857.689941,7735.669922,7841.299805,7841.299805,5740120000,7790.459961
7/6/2019,7790.459961,7944.080078,7748.22998,7943.240234,7943.240234,7762480000,7961.069824
7/13/2019,7961.069824,7969.790039,7827.490234,7834.899902,7834.899902,9459940000,7862.379883
7/20/2019,7862.379883,8027.180176,7862.27002,8016.950195,8016.950195,9603020000,8010.049805
7/27/2019,8010.049805,8010.049805,7645.180176,7692.799805,7692.799805,11471340000,7510.02002
8/3/2019,7510.02002,7726.459961,7356.27002,7646.27002,7646.27002,11921580000,7597.189941
8/10/2019,7597.189941,7778.339844,7429.359863,7604.109863,7604.109863,11103930000,7715.410156
8/17/2019,7715.410156,7764.790039,7442.930176,7464.990234,7464.990234,9383630000,7540.689941
8/24/2019,7540.689941,7747.080078,7500.220215,7691,7691,8625000000,7634.029785
8/31/2019,7634.029785,7879.970215,7584.819824,7852.540039,7852.540039,7800190000,7876.399902
9/7/2019,7876.399902,7975.330078,7743.609863,7892.950195,7892.950195,10981570000,7833.72998
9/14/2019,7833.72998,7950.209961,7791.580078,7823.549805,7823.549805,10906520000,7815.22998
9/21/2019,7815.22998,7873.25,7626.819824,7681.580078,7681.580078,9968550000,7705.970215
9/28/2019,7705.970215,7821.720215,7463.569824,7754.100098,7754.100098,10423010000,7725.680176
10/5/2019,7725.680176,7904.049805,7603.759766,7843.879883,7843.879883,9181750000,7834.740234
10/12/2019,7834.740234,7981.140137,7827.160156,7868.490234,7868.490234,9017600000,7911.580078
10/19/2019,7911.580078,8033.290039,7845.089844,8029.220215,8029.220215,9182320000,8071.390137
10/26/2019,8071.390137,8161.97998,8017.919922,8161.169922,8161.169922,10034810000,8218.929688
11/2/2019,8218.929688,8271.820313,8157.359863,8255.889648,8255.889648,11167410000,8212.370117
11/9/2019,8212.370117,8315.900391,8202.360352,8315.519531,8315.519531,10171370000,8303.219727
11/16/2019,8303.219727,8357.799805,8226.25,8272.049805,8272.049805,10651590000,8309.549805
11/23/2019,8309.549805,8445.610352,8309.549805,8403.679688,8403.679688,7534310000,8409.870117
11/30/2019,8409.870117,8409.870117,8167.359863,8397.370117,8397.370117,10862130000,8388.75
12/7/2019,8388.75,8517.519531,8339.370117,8487.709961,8487.709961,10654750000,8544.269531
12/14/2019,8544.269531,8687.660156,8542.419922,8678.490234,8678.490234,13689690000,8703.05957
12/21/2019,8703.05957,8811.099609,8684.120117,8770.980469,8770.980469,6507090000,8766.389648
12/28/2019,8766.389648,8873.629883,8671.919922,8793.900391,8793.900391,9640990000,8713.889648
1/4/2020,8713.889648,9024.870117,8713.889648,8966.639648,8966.639648,12518750000,9007.94043
1/11/2020,9007.94043,9176.469727,8991.349609,9173.730469,9173.730469,12332160000,9145.639648
1/18/2020,9145.639648,9272.370117,9101.44043,9141.469727,9141.469727,10205690000,8913.160156
1/25/2020,8913.160156,9170.219727,8910.969727,8991.509766,8991.509766,11983980000,9033.519531
2/1/2020,9033.519531,9453.240234,9031.070313,9401.099609,9401.099609,11834370000,9373.200195
2/8/2020,9373.200195,9636.410156,9373.200195,9623.580078,9623.580078,11419490000,9567.280273
2/15/2020,9567.280273,9736.570313,9406.379883,9446.69043,9446.69043,10214610000,9055.299805
2/22/2020,9055.299805,9194.910156,8133.850098,8461.830078,8461.830078,15738070000,8569.910156
2/29/2020,8569.910156,9000.459961,8319.900391,8530.339844,8530.339844,20200270000,7912.140137
3/7/2020,7912.140137,8376.44043,7255.620117,7995.259766,7995.259766,22988590000,7502.259766
3/14/2020,7502.259766,7563.450195,6837.529785,6994.290039,6994.290039,24387290000,6952.709961
3/21/2020,6952.709961,7913.109863,6771.910156,7588.370117,7588.370117,21391290000,7678.830078
3/28/2020,7678.830078,8011.600098,7423.970215,7528.109863,7528.109863,18479400000,7819.060059
4/4/2020,7819.060059,8334.230469,7763.089844,8238.530273,8238.530273,15512910000,8209.679688
4/11/2020,8209.679688,8879.240234,8158.580078,8832.410156,8832.410156,18544320000,8742.540039
4/18/2020,8742.540039,8855.179688,8359.839844,8786.599609,8786.599609,17986190000,8865.580078
4/25/2020,8865.580078,9025.820313,8668.669922,8718.179688,8718.179688,19803440000,8683.94043
5/2/2020,8683.94043,9224.490234,8665.400391,9220.349609,9220.349609,18494950000,9155.209961
5/9/2020,9155.209961,9354.450195,8860.769531,9152.639648,9152.639648,20624450000,9281.360352
5/16/2020,9281.360352,9515.049805,9248.780273,9413.990234,9413.990234,20123330000,9570.530273
5/23/2020,9570.530273,9573.549805,9182.450195,9555.530273,9555.530273,13053930000,9526.429688
5/30/2020,9526.429688,9846.629883,9511.879883,9824.389648,9824.389648,25072780000,9805.69043
6/6/2020,9805.69043,10155.2002,9499.089844,9663.780273,9663.780273,26190570000,9517.139648
6/13/2020,9517.139648,10121.66992,9489.580078,10008.63965,10008.63965,23693060000,10009
6/20/2020,10009,10306.90039,9837.740234,9849.360352,9849.360352,27718740000,9850.549805
6/27/2020,9850.549805,10432.54981,9742.889648,10341.88965,10341.88965,17393620000,10487.7002
7/4/2020,10487.7002,10842.78027,10485.82031,10836.33008,10836.33008,20345500000,10951.54004
7/11/2020,10951.54004,11069.25977,10370.79004,10645.21973,10645.21973,22423640000,10672.95996
7/18/2020,10672.95996,11017.42969,10313.94043,10483.12988,10483.12988,22334910000,10547.11035
7/25/2020,10547.11035,10689.54981,10527.42969,10532.5,10532.5,8079130000,10644.29981
7/28/2020,10644.29981,10662.18652,10527.42871,10532.50195,10532.50195,569748551,
